,url
0,https://www.cardekho.com/used-car-details/used-Maruti-S-Cross-2017-2020-Alpha-DDiS-200-SH-cars-Ahmedabad_3634EF834C2D8CD813E81BCEAB5858CB.htm
1,https://www.cardekho.com/used-car-details/used-Hyundai-i20-2010-2012-1.4-CRDi-Sportz-cars-Ahmedabad_87097B650F475D0CE7D7E2FF6A5AD271.htm
2,https://www.cardekho.com/used-car-details/used-Toyota-Etios-2010-2012-GD-cars-Ahmedabad_FB554632F956B0B06AA8420AB88E436E.htm
3,https://www.cardekho.com/used-car-details/used-Chevrolet-Beat-Diesel-LT-cars-Ahmedabad_9C087EEF74FFF97B8075414F01EE1B65.htm
4,https://www.cardekho.com/used-car-details/used-Maruti-Swift-2014-2021-LDI-BSIV-cars-Ahmedabad_66B9A848DFA6026D35D55D5C61BEB45B.htm
5,https://www.cardekho.com/used-car-details/used-Mahindra-Xylo-2009-2011-E8-cars-Ahmedabad_2CFEB607D7845A90BF6CAEFDFF221B69.htm
6,https://www.cardekho.com/used-car-details/used-Maruti-Vitara-Brezza-2016-2020-VDi-Option-cars-Ahmedabad_17DE85EDD8EFB17217B2E7459083D850.htm
7,https://www.cardekho.com/used-car-details/used-Maruti-Ertiga-SHVS-VDI-cars-Ahmedabad_3EE5D544BEB7A25F452B5771CDA1D05E.htm
8,https://www.cardekho.com/used-car-details/used-Hyundai-Santa-Fe-2WD-AT-cars-Ahmedabad_E6B00A7ABA53555603D51565FB72BC50.htm
9,https://www.cardekho.com/used-car-details/used-Kia-Seltos-HTX-Plus-AT-D-cars-Ahmedabad_F16DE596FE6793DB4C2FC0566F073EBF.htm
10,https://www.cardekho.com/used-car-details/used-Maruti-Vitara-Brezza-2016-2020-ZDi-Plus-cars-Ahmedabad_409F1463BC371B25E4ADD0C8BAC5B233.htm
11,https://www.cardekho.com/used-car-details/used-Ford-Figo-2010-2012-Diesel-ZXI-cars-Ahmedabad_918BB5335564D4F7EBE5391FE94844A0.htm
12,https://www.cardekho.com/used-car-details/used-Hyundai-Verna-2017-2020-VTVT-1.6-AT-SX-Plus-cars-Ahmedabad_28D754C438C0AB1EA980F2E45611BFE6.htm
13,https://www.cardekho.com/used-car-details/used-Maruti-Swift-2011-2014-VDI-cars-Ahmedabad_39EE3519C763E280D1946BE61BF43D2E.htm
14,https://www.cardekho.com/used-car-details/used-Nissan-Micra-2012-2017-XV-CVT-cars-Ahmedabad_CDE99E6F715F8E03782F614AB50EBE3F.htm
15,https://www.cardekho.com/used-car-details/used-Hyundai-Grand-i10-1.2-CRDi-Magna-cars-Ahmedabad_14CA3978DAB0DE3D44711058BC8AEE3F.htm
16,https://www.cardekho.com/used-car-details/used-Maruti-Eeco-5-Seater-AC-BSIV-cars-Ahmedabad_2C5B7BFC517CFAC5F46DCE77A1FA1A40.htm
17,https://www.cardekho.com/used-car-details/used-Maruti-Swift-2014-2021-VDI-cars-Ahmedabad_31F73F7895419377ABD230AFF7620A3B.htm
18,https://www.cardekho.com/used-car-details/used-Hyundai-Creta-2015-2020-1.4-E-Plus-cars-Ahmedabad_1B30C19EB5421C3ABB785BC77DC24EB9.htm
19,https://www.cardekho.com/used-car-details/used-Hyundai-Creta-2015-2020-1.6-CRDi-AT-SX-Plus-cars-Ahmedabad_451A9CC028DEAFBEF9A083E7FF8AA6D4.htm
20,https://www.cardekho.com/used-car-details/used-Tata-Tiago-2016-2019-1.2-Revotron-XT-cars-Ahmedabad_F5E1526C1F240B913F7573F4F7761951.htm
21,https://www.cardekho.com/used-car-details/used-Nissan-Evalia-XL-cars-Ahmedabad_2C636BF091392955E3B4003AC032729D.htm
22,https://www.cardekho.com/used-car-details/used-Maruti-Alto-LXi-cars-Ahmedabad_90BAB12A7D5DA8EAF486E8A78061679F.htm
23,https://www.cardekho.com/used-car-details/used-Hyundai-Elantra-2012-2015-CRDi-SX-AT-cars-Ahmedabad_59CE717252892F5BB302CE85F85EF7CA.htm
24,https://www.cardekho.com/used-car-details/used-Hyundai-Grand-i10-2016-2017-Asta-Option-AT-cars-Ahmedabad_94637B194A1F25AC379B01D767CE8C5F.htm
25,https://www.cardekho.com/used-car-details/used-Hyundai-Elite-i20-2014-2015-Sportz-1.4-CRDi-cars-Ahmedabad_ADBC811C500AA400950F49E44078417B.htm
26,https://www.cardekho.com/used-car-details/used-Ford-Ecosport-2015-2021-1.5-TDCi-Titanium-Plus-BSIV-cars-Ahmedabad_ABBC13FB456D205456367848B7C6E4D1.htm
27,https://www.cardekho.com/used-car-details/used-Honda-Mobilio-S-i-DTEC-cars-Ahmedabad_762B26A4682624B5EC86CCD6F7F10BE8.htm
28,https://www.cardekho.com/used-car-details/used-Mercedes-Benz-E-Class-2017-2021-E-350d-cars-Ahmedabad_D9D1AD032A8FA7C6D77820B368FE5943.htm
29,https://www.cardekho.com/used-car-details/used-Mercedes-Benz-E-Class-2017-2021-E-350d-cars-Ahmedabad_D9D1AD032A8FA7C6D77820B368FE5943.htm
30,https://www.cardekho.com/used-car-details/used-Toyota-Innova-Crysta-2016-2020-2.8-GX-AT-BSIV-cars-Ahmedabad_768A8EECFC2A06E8C2169592DF7B8FA4.htm
31,https://www.cardekho.com/used-car-details/used-Hyundai-Verna-2017-2020-VTVT-1.6-SX-Option-cars-Ahmedabad_1C6BF069476278458C5CB9046F305A05.htm
32,https://www.cardekho.com/used-car-details/used-Hyundai-i20-2015-2017-Magna-1.4-CRDi-cars-Ahmedabad_027E7498D184E5C1DEE17CA9A894405E.htm
33,https://www.cardekho.com/used-car-details/used-Ford-Ecosport-2015-2021-1.5-Diesel-Titanium-BSIV-cars-Ahmedabad_C08D7B38876413147DA2DBEAFB4924CE.htm
34,https://www.cardekho.com/used-car-details/used-Hyundai-Creta-2015-2020-1.6-CRDi-SX-Option-cars-Ahmedabad_4EEE039A4BAF96D1E9B1717111ED881D.htm
35,https://www.cardekho.com/used-car-details/used-Honda-Brio-2011-2013-S-MT-cars-Ahmedabad_14C627852C4C515752217E54DE0009A5.htm
36,https://www.cardekho.com/used-car-details/used-Honda-City-2015-2017-i-DTec-V-cars-Ahmedabad_38636C3F1A29C827D2048CAFD5724982.htm
37,https://www.cardekho.com/used-car-details/used-Audi-A4-2014-2016-2.0-TDI-177-Bhp-Premium-Plus-cars-Ahmedabad_819DB19AD9F503BE9E5B583DEAA8B646.htm
38,https://www.cardekho.com/used-car-details/used-Maruti-Swift-2011-2014-ZDi-cars-Ahmedabad_20F5994DE54546003C1BE63FC0FEDE4D.htm
39,https://www.cardekho.com/used-car-details/used-Hyundai-Grand-i10-1.2-CRDi-Asta-cars-Ahmedabad_387404168901508C427EDCDE112E7D30.htm
40,https://www.cardekho.com/used-car-details/used-Hyundai-Getz-Prime-1.1-GVS-cars-Ahmedabad_0145C222ABABC70F548057B8AB5469E2.htm
41,https://www.cardekho.com/used-car-details/used-Maruti-Swift-2004-2011-Lxi-BSIII-cars-Ahmedabad_899D31A1D852D6232015F6985821532D.htm
42,https://www.cardekho.com/used-car-details/used-Mahindra-XUV500-W6-1.99-mHawk-cars-Ahmedabad_724514578F28F07D64600837A4768DAE.htm
43,https://www.cardekho.com/used-car-details/used-Hyundai-Grand-i10-2013-2016-Sportz-cars-Ahmedabad_05019EE87E1640C0C74EBBFE8F1B00EE.htm
44,https://www.cardekho.com/used-car-details/used-Tata-Harrier-XZA-Plus-AT-cars-Ahmedabad_68FB861DF8DB7F9D4647CBCC8FB555B3.htm
45,https://www.cardekho.com/used-car-details/used-Mercedes-Benz-S-Class-2005-2013-S-350-CDI-cars-Ahmedabad_95E66A365A0C28E39E3F10C75B592C66.htm
46,https://www.cardekho.com/used-car-details/used-Mercedes-Benz-E-Class-2015-2017-E250-CDI-Avantgarde-cars-Ahmedabad_FDDFB1F97A51391C609E225C53CB9D29.htm
47,https://www.cardekho.com/used-car-details/used-Maruti-Wagon-R-2006-2010-LXI-Minor-cars-Ahmedabad_27A163DF14545F65DC9ECF2FA3F99BC4.htm
48,https://www.cardekho.com/used-car-details/used-Maruti-Dzire-2017-2020-AMT-ZDI-Plus-cars-Ahmedabad_0C342F4AD0D0305771604649E97796DD.htm
49,https://www.cardekho.com/used-car-details/used-Honda-City-2003-2005-1.5-GXI-cars-Ahmedabad_688A0FA92184785A958BED973D1C517F.htm
50,https://www.cardekho.com/used-car-details/used-Maruti-SX4-S-Cross-2015-2017-DDiS-200-Delta-cars-Ahmedabad_3E76980DBA6039754436A019CD307E21.htm
51,https://www.cardekho.com/used-car-details/used-Audi-Q3-2012-2015-35-TDI-Quattro-Premium-cars-Ahmedabad_FDF0503170DE326B282521734576224D.htm
52,https://www.cardekho.com/used-car-details/used-Ford-Endeavour-2015-2020-2.2-Titanium-AT-4X2-Sunroof-cars-Ahmedabad_84D5E8021AF8C226B25B21CD01483807.htm
53,https://www.cardekho.com/used-car-details/used-Volkswagen-Jetta-2.0L-TDI-Comfortline-cars-Ahmedabad_9B56F5D3D8CC1F46841F7B7C0F59B4C7.htm
54,https://www.cardekho.com/used-car-details/used-Ford-Endeavour-2015-2020-Titanium-4X2-cars-Ahmedabad_EEFF98003018E715F23C84BA9C77B38E.htm
55,https://www.cardekho.com/used-car-details/used-Honda-City-V-CVT-cars-Ahmedabad_3C5A9EA7072D281FABE92A5C34749C87.htm
56,https://www.cardekho.com/used-car-details/used-Ford-Ecosport-2015-2021-1.5-Diesel-Ambiente-BSIV-cars-Ahmedabad_608D8237987FF0B947F3704559296C03.htm
57,https://www.cardekho.com/used-car-details/used-Toyota-Etios-2010-2012-VD-cars-Ahmedabad_A5113D561D1F2747276B7B836E33F854.htm
58,https://www.cardekho.com/used-car-details/used-Volkswagen-Polo-2015-2019-1.0-MPI-Highline-Plus-cars-Ahmedabad_8BB8AC06C7B1C37C0CF38A5540AC1E30.htm
59,https://www.cardekho.com/used-car-details/used-Maruti-Wagon-R-2010-2012-VXI-BS-IV-with-ABS-cars-Ahmedabad_4A899B547388252E86849A0B1878E7BC.htm
60,https://www.cardekho.com/used-car-details/used-Toyota-Innova-2.5-G-(Diesel)-8-Seater-cars-Ahmedabad_B8D9BB9F3F3C5FD93BB621A51CF24ACF.htm
61,https://www.cardekho.com/used-car-details/used-Renault-Duster-2012-2015-110PS-Diesel-RxL-cars-Ahmedabad_4C64BC3DA325D3FEB05962BF5C26A5B3.htm
62,https://www.cardekho.com/used-car-details/used-Volkswagen-Vento-2010-2013-Diesel-Comfortline-cars-Ahmedabad_9A81D2F8AD3757C16B00F94D496306CF.htm
63,https://www.cardekho.com/used-car-details/used-Toyota-Fortuner-2009-2011-3.0-Diesel-cars-Ahmedabad_85A91EA7747989931073AB404838E4E7.htm
64,https://www.cardekho.com/used-car-details/used-Maruti-Eeco-5-Seater-AC-cars-Ahmedabad_63D4B7FC459842607338030E60AD262D.htm
65,https://www.cardekho.com/used-car-details/used-Honda-BR-V-i-DTEC-S-MT-cars-Ahmedabad_1823FAD89F8E854237590C96F4C21043.htm
66,https://www.cardekho.com/used-car-details/used-Maruti-Wagon-R-VXI-AMT-cars-Ahmedabad_054E25502D358F3285450B97E0ECB204.htm
67,https://www.cardekho.com/used-car-details/used-Honda-City-2017-2020-i-VTEC-CVT-V-cars-Ahmedabad_BF68596AC45B96E1410C7B4557DC0E09.htm
68,https://www.cardekho.com/used-car-details/used-Honda-Jazz-2018-2020-VX-CVT-cars-Ahmedabad_09276451D611CA4766BF35CADB08FEAD.htm
69,https://www.cardekho.com/used-car-details/used-Volkswagen-Vento-2010-2013-Diesel-Highline-cars-Ahmedabad_0573FCE9CD14573FF3F8F60900BD07F0.htm
70,https://www.cardekho.com/used-car-details/used-Hyundai-Verna-2017-2020-CRDi-1.6-SX-cars-Ahmedabad_BBBA49428E1A72343404FF3C33DA2056.htm
71,https://www.cardekho.com/used-car-details/used-Maruti-Wagon-R-LXI-cars-Ahmedabad_99191E2434AFB4C09F0A9B07345FBF55.htm
72,https://www.cardekho.com/used-car-details/used-Ford-Ecosport-2015-2021-1.5-TDCi-Titanium-BSIV-cars-Ahmedabad_DF8933635C86F3761C796F5F22969E3F.htm
73,https://www.cardekho.com/used-car-details/used-Hyundai-Verna-2011-2014-1.6-SX-CRDi-(O)-cars-Ahmedabad_C9211BAD87F507B26213438B1D97640F.htm
74,https://www.cardekho.com/used-car-details/used-Datsun-redi-GO-2016-2020-AMT-1.0-T-Option-cars-Ahmedabad_A595060C1920F5C36F152FE6985DC3CD.htm
75,https://www.cardekho.com/used-car-details/used-Mahindra-XUV500-W6-2WD-cars-Ahmedabad_6C7DCDC965977D028EF588B5AE94C301.htm
76,https://www.cardekho.com/used-car-details/used-Honda-City-2015-2017-i-VTEC-CVT-VX-cars-Ahmedabad_DA7E268E59375E92A6CF99D6D651EA1F.htm
77,https://www.cardekho.com/used-car-details/used-Ford-Ecosport-2015-2021-1.5-Diesel-Titanium-BSIV-cars-Ahmedabad_F41FDA8E7525F1430C610C5C56A48858.htm
78,https://www.cardekho.com/used-car-details/used-Hyundai-EON-Sportz-cars-Ahmedabad_16D462C6DA0D47EF608E5F39A041200E.htm
79,https://www.cardekho.com/used-car-details/used-BMW-3-Series-2015-2019-320d-Luxury-Line-cars-Ahmedabad_A5EECDED48DD4C1B4DFD666D42A9382D.htm
80,https://www.cardekho.com/used-car-details/used-Jaguar-XF-2.2-Litre-Luxury-cars-Ahmedabad_0C385131493F82859D94BC29CF336DE8.htm
81,https://www.cardekho.com/used-car-details/used-Hyundai-i10-2007-2010-Sportz-1.2-cars-Ahmedabad_3C6C5B4D42FBE41F1E09523FCF3ACFD8.htm
82,https://www.cardekho.com/used-car-details/used-Maruti-Swift-Dzire-2011-2014-VDI-cars-Ahmedabad_AED456A1067ED06341DE5B30465431DA.htm
83,https://www.cardekho.com/used-car-details/used-Maruti-SX4-S-Cross-2015-2017-DDiS-200-Alpha-cars-Ahmedabad_73211655FB17E36016A4754612B3B245.htm
84,https://www.cardekho.com/used-car-details/used-Hyundai-Grand-i10-Sportz-cars-Ahmedabad_779C53F07382460F62B67DFC8E7C19A1.htm
85,https://www.cardekho.com/used-car-details/used-Hyundai-Grand-i10-2013-2016-CRDi-Asta-Option-cars-Ahmedabad_55A73CCA44A68D8F86B3086CA1003BDF.htm
86,https://www.cardekho.com/used-car-details/used-Mahindra-Bolero-2011-2019-SLE-cars-Ahmedabad_7CC8FCC13C7A2B1E81564D56A92E0CC3.htm
87,https://www.cardekho.com/used-car-details/used-BMW-3-Series-1995-2012-320d-cars-Ahmedabad_89990F1D86EB4D31B1D4436AD46B1B26.htm
88,https://www.cardekho.com/used-car-details/used-Volkswagen-Passat-2007-2010-1.8-TSI-MT-cars-Ahmedabad_FA6F3ADFDB33068DDA38C697253495F5.htm
89,https://www.cardekho.com/used-car-details/used-Honda-Brio-2011-2013-S-MT-cars-Ahmedabad_EE1DBD544B4DDAFD9A54463BA262E90C.htm
90,https://www.cardekho.com/used-car-details/used-Mercedes-Benz-E-Class-2017-2021-Exclusive-E-220-d-BSIV-cars-Ahmedabad_993336D83B75480E544A72110494574F.htm
91,https://www.cardekho.com/used-car-details/used-Honda-Amaze-2013-2016-S-i-Dtech-cars-Ahmedabad_A83B849E00F320069FBCBDF90419FB1E.htm
92,https://www.cardekho.com/used-car-details/used-Hyundai-Xcent-1.2-CRDi-SX-cars-Ahmedabad_3F6CCA5F061A25F59187F5FF54B439E1.htm
93,https://www.cardekho.com/used-car-details/used-Volkswagen-Vento-2010-2013-Petrol-Highline-cars-Ahmedabad_C8A68BDF799664F09A056B3D3C5D0E1B.htm
94,https://www.cardekho.com/used-car-details/used-Honda-New-Accord-2008-2011-2.4-MT-cars-Ahmedabad_633EFBCAC826CB11D4F8213E26487926.htm
95,https://www.cardekho.com/used-car-details/used-Maruti-Dzire-2017-2020-VXI-1.2-cars-Ahmedabad_3D383C7A237C8B755F7410030873E541.htm
96,https://www.cardekho.com/used-car-details/used-Maruti-Swift-Dzire-2014-2017-LDI-Optional-cars-Ahmedabad_F0CBDBBD03C26337625FB1DDEB81C1D5.htm
97,https://www.cardekho.com/used-car-details/used-Skoda-Octavia-2013-2021-1.8-TSI-AT-L-K-cars-Ahmedabad_E5C93BD1DA8D09597CA7D2B36F3C142C.htm
98,https://www.cardekho.com/used-car-details/used-Hyundai-Creta-SX-Opt-Diesel-cars-Ahmedabad_BCCAA1DB23C852FD3F998D69CCCB84C7.htm
99,https://www.cardekho.com/used-car-details/used-Hyundai-i20-2015-2017-Sportz-1.4-CRDi-cars-Ahmedabad_4BDD28E0257E97B7ECE1907A6A7C8E6A.htm
100,https://www.cardekho.com/used-car-details/used-Toyota-Etios-Liva-2013-2014-GD-cars-Ahmedabad_11AEC873221AC29AEED6553F91FEB994.htm
101,https://www.cardekho.com/used-car-details/used-Maruti-Swift-Dzire-2008-VDi-cars-Ahmedabad_BDCA041CCC360FB6AF821EFD790AC02A.htm
102,https://www.cardekho.com/used-car-details/used-Mercedes-Benz-New-C-Class-C-200-CGI-Elegance-cars-Ahmedabad_48823C87DEEBCED763D21472AFE28782.htm
103,https://www.cardekho.com/used-car-details/used-Honda-City-2015-2017-i-VTEC-CVT-VX-cars-Ahmedabad_27BDFED1CF4FB13CC7FADB220FC08315.htm
104,https://www.cardekho.com/used-car-details/used-Audi-A4-2015-2020-35-TDI-Premium-Plus-cars-Ahmedabad_59BE9D62744AB1F15E7B64C62B842EE8.htm
105,https://www.cardekho.com/used-car-details/used-Nissan-Sunny-2011-2013-Diesel-XL-cars-Ahmedabad_89370241589EB5BA733AC5BE5EB5FA30.htm
106,https://www.cardekho.com/used-car-details/used-Maruti-Baleno-Alpha-cars-Ahmedabad_A41976A8B4021EE35369C995F87145E6.htm
107,https://www.cardekho.com/used-car-details/used-Honda-City-2014-2015-i-DTEC-V-cars-Ahmedabad_508BF91A4C0941C73FB32CB64FE47B31.htm
108,https://www.cardekho.com/used-car-details/used-Mahindra-Thar-2015-2019-DI-4X4-cars-Ahmedabad_E8A4D5455275AA3E6E47A3360BD2D481.htm
109,https://www.cardekho.com/used-car-details/used-Mahindra-Thar-2015-2019-DI-4X4-cars-Ahmedabad_E8A4D5455275AA3E6E47A3360BD2D481.htm
110,https://www.cardekho.com/used-car-details/used-Toyota-Fortuner-2016-2021-2.8-2WD-MT-cars-Ahmedabad_DF6A8EC61B9C603AFA0E45EC5B7FB76F.htm
111,https://www.cardekho.com/used-car-details/used-Mahindra-KUV-100-2016-2017-mFALCON-D75-K6-cars-Ahmedabad_3524EF9F68A3EC6968FB1FC6172B9BB7.htm
112,https://www.cardekho.com/used-car-details/used-Maruti-Dzire-2017-2020-VDI-cars-Ahmedabad_A86D6212AEA6F0C759848A5B17B7D484.htm
113,https://www.cardekho.com/used-car-details/used-Toyota-Etios-2010-2012-GD-cars-Ahmedabad_FB554632F956B0B06AA8420AB88E436E.htm
114,https://www.cardekho.com/used-car-details/used-Maruti-Swift-2014-2021-AMT-VDI-cars-Ahmedabad_2F19C701737FE8A26E19EF9826597D6D.htm
115,https://www.cardekho.com/used-car-details/used-Nissan-Micra-2012-2017-Diesel-XV-cars-Ahmedabad_0664B1434D22E5405003797FFA1B3069.htm
116,https://www.cardekho.com/used-car-details/used-Maruti-Dzire-2017-2020-VXI-1.2-cars-Ahmedabad_B38C7E792C7EEDC585C1ADFA255EE91D.htm
117,https://www.cardekho.com/used-car-details/used-Audi-Q7-2006-2020-45-TDI-Quattro-Technology-cars-Ahmedabad_60008992D002CC6ADD25CFD144D40D62.htm
118,https://www.cardekho.com/used-car-details/used-Ford-Figo-2012-2015-Diesel-Titanium-cars-Ahmedabad_0CAB8E61A6D5C2512901B4E6F0AA1FE7.htm
119,https://www.cardekho.com/used-car-details/used-Toyota-Etios-2010-2012-GD-cars-Ahmedabad_802993140CA698F85DA4BA5CEE27792A.htm
120,https://www.cardekho.com/used-car-details/used-Toyota-Innova-2004-2011-2.5-G4-Diesel-8-seater-cars-Ahmedabad_98F49377779EF30BB5E11C1AA8C86D08.htm
121,https://www.cardekho.com/used-car-details/used-Hyundai-Grand-i10-1.2-CRDi-Magna-cars-Ahmedabad_593839EB8D037F010DC094064CE27952.htm
122,https://www.cardekho.com/used-car-details/used-Honda-Amaze-2013-2016-VX-AT-i-Vtech-cars-Ahmedabad_1C2963BDE8633A732DAE715E0D0F656C.htm
123,https://www.cardekho.com/used-car-details/used-Maruti-SX4-S-Cross-2015-2017-DDiS-200-Alpha-cars-Ahmedabad_6D8F5B5D625562EFCD8D826E9EA124ED.htm
124,https://www.cardekho.com/used-car-details/used-Mercedes-Benz-GLC-2016-2019-300-4MATIC-Sport-cars-Ahmedabad_321DD8457DAB72E5CC65F8239BB32D80.htm
125,https://www.cardekho.com/used-car-details/used-BMW-X3-xDrive-20d-Luxury-Line-cars-Ahmedabad_B7639C9F2EBACFAAB6B28024268C2C53.htm
126,https://www.cardekho.com/used-car-details/used-Volkswagen-Tiguan-2.0-TDI-Highline-cars-Ahmedabad_F74EAEEDCFF62D0BFC34F04AE46A4AB9.htm
127,https://www.cardekho.com/used-car-details/used-Audi-Q7-2006-2020-45-TDI-Quattro-Premium-Plus-cars-Ahmedabad_87C45ADBE89DAC8CFE64CF764A65A9AB.htm
128,https://www.cardekho.com/used-car-details/used-Hyundai-Verna-2017-2020-CRDi-1.6-AT-SX-Plus-cars-Ahmedabad_5F9F8CC5CB5DA6A813DF5F1FAD85EADC.htm
129,https://www.cardekho.com/used-car-details/used-Toyota-Innova-Crysta-2016-2020-2.4-ZX-AT-cars-Ahmedabad_E5F5C48187EE11CCDDD5CE4143213AED.htm
130,https://www.cardekho.com/used-car-details/used-Mercedes-Benz-A-Class-A200-CDI-cars-Ahmedabad_427B8240174FA1A967FFB4AC711A623F.htm
131,https://www.cardekho.com/used-car-details/used-Renault-KWID-RXT-cars-Ahmedabad_C5234563706828099E9042F38FB36E11.htm
132,https://www.cardekho.com/used-car-details/used-Hyundai-i20-2015-2017-Magna-1.4-CRDi-cars-Ahmedabad_70E09702F77CE401C7256C76AE4FDE7E.htm
133,https://www.cardekho.com/used-car-details/used-Hyundai-Creta-SX-Diesel-AT-cars-Ahmedabad_313FC05955606671BD5BC610A5A2BED0.htm
134,https://www.cardekho.com/used-car-details/used-Audi-A4-2.0-TDI-cars-Ahmedabad_1040365B0581FEB09096B7D06762A74E.htm
135,https://www.cardekho.com/used-car-details/used-Nissan-Terrano-2013-2017-XL-cars-Ahmedabad_6FB18FF7C0FE5F2291BC8CB3FB6DBAEB.htm
136,https://www.cardekho.com/used-car-details/used-Mercedes-Benz-M-Class-ML-250-CDI-cars-Ahmedabad_5BAE25A38A0CC63B3B829B97738C029B.htm
137,https://www.cardekho.com/used-car-details/used-Maruti-Ciaz-2014-2017-VDi-Plus-cars-Ahmedabad_62F16702594A971F20E5164F4C6AE969.htm
138,https://www.cardekho.com/used-car-details/used-Hyundai-i10-Era-cars-Ahmedabad_79B1094D56A808A18F40470BE70B7EEA.htm
139,https://www.cardekho.com/used-car-details/used-Hyundai-Creta-2015-2020-1.6-SX-Automatic-Diesel-cars-Ahmedabad_6241429406C43C9BC18A2592FBCBE941.htm
140,https://www.cardekho.com/used-car-details/used-Honda-WRV-2017-2020-i-DTEC-VX-cars-Ahmedabad_BBDCF260C32223978377ED6C2C68F193.htm
141,https://www.cardekho.com/used-car-details/used-Mahindra-XUV500-W10-2WD-cars-Ahmedabad_EC7AC26DCD43357275CB0606628387DA.htm
142,https://www.cardekho.com/used-car-details/used-Maruti-Vitara-Brezza-2016-2020-VDi-cars-Ahmedabad_F5D73274AF7ADAE99BE6E016933FF1E9.htm
143,https://www.cardekho.com/used-car-details/used-Honda-Brio-2013-2016-S-MT-cars-Ahmedabad_68E12DE5BC1956D5F3D56F641DCB7055.htm
144,https://www.cardekho.com/used-car-details/used-Honda-City-2015-2017-i-VTEC-CVT-VX-cars-Ahmedabad_D20DE77CB6C1D35370F40E009236C81B.htm
145,https://www.cardekho.com/used-car-details/used-BMW-5-Series-2013-2017-520d-Luxury-Line-cars-Ahmedabad_810BD5FB743908DE6BD7109051F61A20.htm
146,https://www.cardekho.com/used-car-details/used-Maruti-Ciaz-Alpha-BSIV-cars-Ahmedabad_6D4397ECDBF393DBFB5C4CBD9B4477E4.htm
147,https://www.cardekho.com/used-car-details/used-Tata-Hexa-2017-2020-XM-cars-Ahmedabad_82C0E578E8489767EA7F544AA788AD6D.htm
148,https://www.cardekho.com/used-car-details/used-Hyundai-Creta-2015-2020-1.6-CRDi-AT-SX-Plus-cars-Ahmedabad_60569EA71DD8144887FC42A129F10D30.htm
149,https://www.cardekho.com/used-car-details/used-Hyundai-i10-Magna-cars-Ahmedabad_5C0B1B30EA1D35685A0D22177DBF4543.htm
150,https://www.cardekho.com/used-car-details/used-Hyundai-Grand-i10-2016-2017-CRDi-Sportz-cars-Ahmedabad_70F3656BE5527FF29AF57FD4FC997CCE.htm
151,https://www.cardekho.com/used-car-details/used-Maruti-Ciaz-Alpha-1.5-cars-Ahmedabad_BDD5B1DC106AA45B24D37859C7BBA808.htm
152,https://www.cardekho.com/used-car-details/used-Ford-Aspire-1.5-TDCi-Titanium-cars-Ahmedabad_4DF5A78C47C7A9833C9BF911091FB71B.htm
153,https://www.cardekho.com/used-car-details/used-Renault-Pulse-2012-2014-RxL-cars-Ahmedabad_31BA0B260B45A13090E4E3C843862F3F.htm
154,https://www.cardekho.com/used-car-details/used-Volkswagen-Ameo-1.5-TDI-Comfortline-cars-Ahmedabad_07794456EB89F9F67F9B1BC9DBFA71E2.htm
155,https://www.cardekho.com/used-car-details/used-Maruti-SX4-S-Cross-2015-2017-DDiS-320-Delta-cars-Ahmedabad_5BEBF8AFEF566A372D05A3E4146FAE5A.htm
156,https://www.cardekho.com/used-car-details/used-Renault-Triber-RXZ-BSIV-cars-Ahmedabad_91363B02A98CCDBE02F5EDB9D5AACFFA.htm
157,https://www.cardekho.com/used-car-details/used-Toyota-Innova-2.5-GX-(Diesel)-8-Seater-BS-IV-cars-Ahmedabad_255ACEAA06E79C556E14DB60A454E08C.htm
158,https://www.cardekho.com/used-car-details/used-Mahindra-XUV500-W7-cars-Ahmedabad_E57738B05A66708E1B897AF38A56D5D6.htm
159,https://www.cardekho.com/used-car-details/used-Hyundai-Grand-i10-Nios-AMT-Sportz-cars-Ahmedabad_C1C58689DD4A7109BB084F11B17F285F.htm
160,https://www.cardekho.com/used-car-details/used-BMW-3-Series-320d-Luxury-Line-cars-Ahmedabad_34BB9538DCFAEEABF4F1F3487A8A7698.htm
161,https://www.cardekho.com/used-car-details/used-Audi-A3-cabriolet-40-TFSI-Premium-Plus-cars-Ahmedabad_648ED368B9E31B13E37F4EE911C090AA.htm
162,https://www.cardekho.com/used-car-details/used-Toyota-Innova-2004-2011-2.5-G4-Diesel-8-seater-cars-Ahmedabad_B0905DE50919954016F726713C98CF40.htm
163,https://www.cardekho.com/used-car-details/used-Hyundai-Creta-2015-2020-1.6-CRDi-AT-SX-Plus-cars-Ahmedabad_AC6AAE388A1DD47D6F421D6A08477EB0.htm
164,https://www.cardekho.com/used-car-details/used-Honda-City-2008-2011-1.5-V-MT-Exclusive-cars-Ahmedabad_7398EBE2C08B651B78AD1F2DAD97D854.htm
165,https://www.cardekho.com/used-car-details/used-Honda-City-2008-2011-1.5-S-MT-cars-Ahmedabad_EB57AD30DC3C11678A9B75733F2B5289.htm
166,https://www.cardekho.com/used-car-details/used-Toyota-Fortuner-2016-2021-2.8-4WD-AT-cars-Ahmedabad_F2FB7D1DB5622C4996D90C2405D0644F.htm
167,https://www.cardekho.com/used-car-details/used-Toyota-Innova-2004-2011-2.5-GX-(Diesel)-7-Seater-BS-IV-cars-Ahmedabad_C3E64D9A519416444E15C8E93C7AF5EC.htm
168,https://www.cardekho.com/used-car-details/used-Ford-Endeavour-2015-2020-2.2-Titanium-AT-4X2-Sunroof-cars-Ahmedabad_1CC2E9006DB639BD32D7A46E7012A54E.htm
169,https://www.cardekho.com/used-car-details/used-Honda-City-2008-2011-1.5-V-AT-cars-Bangalore_1522382B744B250D6138EDB88FC0974A.htm
170,https://www.cardekho.com/used-car-details/used-Honda-CR-V-2.4L-4WD-AT-AVN-cars-Bangalore_732CF4F3C5241C77B3654ED1477C0E23.htm
171,https://www.cardekho.com/used-car-details/used-BMW-7-Series-2015-2019-730Ld-M-Sport-Plus-cars-Bangalore_33CD670D04FE5401F1E1630F4C3F0389.htm
172,https://www.cardekho.com/used-car-details/used-Mercedes-Benz-E-Class-2013-2015-E250-CDI-Launch-Edition-cars-Bangalore_EC3EFE30A9DC22245EBB68C6B4E512D5.htm
173,https://www.cardekho.com/used-car-details/used-Mercedes-Benz-GLC-2016-2019-220d-4MATIC-Sport-cars-Bangalore_17442E1264D02D7D1D2D482A6C90D335.htm
174,https://www.cardekho.com/used-car-details/used-Land-Rover-Range-Rover-2014-2017-LWB-4.4-SDV8-Vogue-SE-cars-Bangalore_FD476D14435C3F2E438A92B95CBC3F98.htm
175,https://www.cardekho.com/buy-used-car-details/used-Renault-Kwid-Rxt-Optional-cars-Bangalore_48a3b18e-d5dd-438d-af5e-c82cdb599534.htm
176,https://www.cardekho.com/buy-used-car-details/used-Renault-Kwid-Rxt-Optional-cars-Bangalore_48a3b18e-d5dd-438d-af5e-c82cdb599534.htm
177,https://www.cardekho.com/used-car-details/used-Hyundai-Creta-2015-2020-1.6-CRDi-SX-Plus-cars-Chennai_53435C346BBA7B5B047BB93A87F1D2A8.htm
178,https://www.cardekho.com/used-car-details/used-Maruti-Baleno-1.2-Delta-cars-Chennai_7A96ECF20FD4ADE7C08FC0F2B63743F6.htm
179,https://www.cardekho.com/used-car-details/used-Honda-WRV-2017-2020-i-VTEC-VX-cars-Chennai_5A230875056302DC8048D2AA8D3DCFC1.htm
180,https://www.cardekho.com/used-car-details/used-Renault-Duster-2016-2019-85PS-Diesel-RxS-cars-Chennai_56E0B4D0D53C3390538FC350C7E7052C.htm
181,https://www.cardekho.com/used-car-details/used-Toyota-Innova-2004-2011-2.5-V-Diesel-8-seater-cars-Chennai_3338C2B38C0058B92912DDFBD0E3DF96.htm
182,https://www.cardekho.com/used-car-details/used-Nissan-Micra-2010-2012-Diesel-XV-cars-Chennai_8FBAE42C75077E2E49AE65158FDFF057.htm
183,https://www.cardekho.com/used-car-details/used-Maruti-Swift-2014-2021-ZDI-BSIV-cars-Chennai_4A8AA469774FA0C590D6455D2D9B5396.htm
184,https://www.cardekho.com/used-car-details/used-Datsun-GO-A-EPS-cars-Chennai_71F555ABF2684D8E6BB6AAFED45C74FF.htm
185,https://www.cardekho.com/used-car-details/used-Maruti-Swift-Dzire-2011-2014-VXI-cars-Chennai_E776C77C4A44CC5F26A62AEBD8D102A3.htm
186,https://www.cardekho.com/used-car-details/used-Mahindra-KUV-100-D75-K8-cars-Chennai_C4F906E8E99F4472AB1DD2EE172328F1.htm
187,https://www.cardekho.com/used-car-details/used-Hyundai-Creta-2015-2020-1.6-CRDi-SX-Plus-cars-Chennai_408005C3468ACAAB8A7304F85226535E.htm
188,https://www.cardekho.com/used-car-details/used-Hyundai-Verna-2017-2020-CRDi-1.6-AT-SX-Option-cars-Chennai_6EFEAFBB7364C2B5525C92AF13DB04CA.htm
189,https://www.cardekho.com/used-car-details/used-Volkswagen-Polo-2015-2019-GT-TSI-cars-Chennai_28B96B85238BA76EA0E36F4949028155.htm
190,https://www.cardekho.com/used-car-details/used-Volkswagen-Vento-2015-2019-1.5-TDI-Highline-AT-cars-Chennai_2587F3073D4D84DDA287D77BC65E851C.htm
191,https://www.cardekho.com/used-car-details/used-Toyota-Innova-Crysta-2016-2020-2.4-VX-MT-cars-Chennai_A675ED65FFFDC141A34D6E2028BF696F.htm
192,https://www.cardekho.com/used-car-details/used-Hyundai-Verna-2017-2020-VTVT-1.6-SX-cars-Chennai_A753E8B32195D45661A26CA250DB0223.htm
193,https://www.cardekho.com/used-car-details/used-Mahindra-XUV500-W9-BSIV-cars-Chennai_614503DA16B2D74EFDBDDAFF13622ABB.htm
194,https://www.cardekho.com/used-car-details/used-Maruti-Alto-K10-LX-cars-Chennai_7712D4FC070E68FBE52FE0FB746CA47E.htm
195,https://www.cardekho.com/used-car-details/used-Maruti-Baleno-1.2-Zeta-cars-Chennai_80D2CCBEF87EB8AF7164D2601656B75D.htm
196,https://www.cardekho.com/used-car-details/used-Honda-WRV-2017-2020-Exclusive-Petrol-cars-Chennai_FEEAAA26C7CD3227F588644BFD79C91D.htm
197,https://www.cardekho.com/used-car-details/used-Hyundai-Creta-2015-2020-1.6-CRDi-SX-Plus-cars-Chennai_CD2B0ED00F2EE752CCD018228FE7E510.htm
198,https://www.cardekho.com/used-car-details/used-Toyota-Innova-2.5-G-(Diesel)-7-Seater-BS-IV-cars-Chennai_9EE2428976EC7A785182BDFF3055E4A0.htm
199,https://www.cardekho.com/used-car-details/used-Hyundai-Elite-i20-2014-2015-Sportz-1.2-cars-Chennai_635531353CE2770FBA4E869F60133858.htm
200,https://www.cardekho.com/used-car-details/used-Honda-City-2008-2011-1.5-S-MT-cars-Chennai_A0825F1EBBEBABBE67501F49BCFAC1DA.htm
201,https://www.cardekho.com/used-car-details/used-Ford-Ecosport-2013-2015-1.5-DV5-MT-Titanium-cars-Chennai_B1743DAA731D64035827F1B8D9E0BBFE.htm
202,https://www.cardekho.com/used-car-details/used-Honda-Jazz-2018-2020-1.2-V-i-VTEC-cars-Chennai_07E922D7C6FA8505774DFE378098AA58.htm
203,https://www.cardekho.com/used-car-details/used-Hyundai-Grand-i10-2016-2017-Asta-Option-cars-Chennai_815BC80AD323E65321AFC48C8328BE35.htm
204,https://www.cardekho.com/used-car-details/used-Tata-Nexon-2017-2020-1.5-Revotorq-XE-cars-Chennai_EFE4C3763F91265C85595B2BAA52A6BD.htm
205,https://www.cardekho.com/used-car-details/used-Jaguar-XF-3.0-Litre-S-Premium-Luxury-cars-Chennai_04377467A609F8D52F1D153446CD56EC.htm
206,https://www.cardekho.com/used-car-details/used-Hyundai-i20-2015-2017-Sportz-1.4-CRDi-cars-Chennai_261A7243A4D026706AB129EF5B447540.htm
207,https://www.cardekho.com/used-car-details/used-Audi-Q3-2012-2015-2.0-TDI-cars-Chennai_2E699C37A759FA72BB3FC378D5EF0D98.htm
208,https://www.cardekho.com/used-car-details/used-Honda-Jazz-2018-2020-1.2-VX-i-VTEC-cars-Chennai_A1F54A202F4FBFA5A8E8800B944AEEFA.htm
209,https://www.cardekho.com/used-car-details/used-Ford-Figo-2010-2012-Petrol-ZXI-cars-Chennai_F2829CD6828544D38D0A4A0C9D94702D.htm
210,https://www.cardekho.com/used-car-details/used-Skoda-Superb-2008-2013-2.8-V6-AT-cars-Chennai_06B65BF7D46B0AB4EB2BF80397C632B7.htm
211,https://www.cardekho.com/used-car-details/used-Honda-Amaze-2016-2021-S-i-VTEC-cars-Chennai_916C7DC4CEDEF4E9959448101ED718C1.htm
212,https://www.cardekho.com/used-car-details/used-Renault-Triber-RXT-cars-Chennai_C4E22B13714052FA253C7391C2191C6D.htm
213,https://www.cardekho.com/used-car-details/used-Honda-WRV-2017-2020-i-VTEC-S-cars-Chennai_903C07A1554E5867C157EBD4D47FFFB6.htm
214,https://www.cardekho.com/used-car-details/used-Maruti-Wagon-R-VXI-1.2-cars-Chennai_9F773242B00EE22F3AAA2B3DCF5359C8.htm
215,https://www.cardekho.com/used-car-details/used-Hyundai-Grand-i10-Magna-cars-Chennai_AFB4587A4275B7D04E59C3D3C34464FA.htm
216,https://www.cardekho.com/used-car-details/used-Honda-Jazz-2018-2020-1.2-SV-i-VTEC-cars-Chennai_B665C98BDF6980B72FFF5E5A2A89F05F.htm
217,https://www.cardekho.com/used-car-details/used-Honda-Jazz-2018-2020-1.2-SV-i-VTEC-cars-Chennai_B665C98BDF6980B72FFF5E5A2A89F05F.htm
218,https://www.cardekho.com/used-car-details/used-Hyundai-Creta-2015-2020-1.6-CRDi-SX-Option-cars-Chennai_6CDE5F0CDD5B84D2059E6206BF957206.htm
219,https://www.cardekho.com/used-car-details/used-Honda-WRV-2017-2020-i-VTEC-S-cars-Chennai_875853AA1E2202CB4EEF2B32A1C83CAB.htm
220,https://www.cardekho.com/used-car-details/used-Honda-City-2015-2017-i-VTEC-V-cars-Chennai_1FD0959A2F7A7CD6D71F86A80D6EF543.htm
221,https://www.cardekho.com/used-car-details/used-Maruti-Alto-800-2012-2016-LXI-cars-Chennai_AB2E974B35EE11E0B770BBF9981237CF.htm
222,https://www.cardekho.com/used-car-details/used-Honda-City-2014-2015-i-VTEC-V-cars-Chennai_F5FF70D1CC5FB7576CA114070CE89274.htm
223,https://www.cardekho.com/used-car-details/used-Fiat-Grande-Punto-2009-2013-1.3-Dynamic-(Diesel)-cars-Chennai_99C55E94163BCEF5AD84D1BB4623C554.htm
224,https://www.cardekho.com/used-car-details/used-Maruti-Ciaz-1.4-Alpha-cars-Chennai_3016A0100B14C3C2BB1281E66AAAC87A.htm
225,https://www.cardekho.com/used-car-details/used-Tata-Hexa-2017-2020-XTA-cars-Chennai_1996D9DDDD99A655448DA99F15A2474C.htm
226,https://www.cardekho.com/used-car-details/used-Maruti-Celerio-ZXI-AMT-Optional-cars-Chennai_0CF4F26FDA8C7F6C448C0C1773C4310E.htm
227,https://www.cardekho.com/used-car-details/used-Hyundai-Xcent-2016-2017-1.1-CRDi-SX-Option-cars-Chennai_2D1F8A930B2FDABDAC77E47DE8CDE79F.htm
228,https://www.cardekho.com/used-car-details/used-Toyota-Innova-Crysta-2016-2020-2.4-ZX-MT-cars-Chennai_5576A80E3B2132007F48291D6FB7818D.htm
229,https://www.cardekho.com/used-car-details/used-Maruti-Baleno-1.2-CVT-Zeta-cars-Chennai_C1A6CC5C8D6E735A3DF5C2F5D89B141E.htm
230,https://www.cardekho.com/used-car-details/used-Hyundai-Grand-i10-2013-2016-Asta-cars-Chennai_D0B27DB945AB4BB1F224F66877457071.htm
231,https://www.cardekho.com/used-car-details/used-Maruti-Swift-Dzire-2014-2017-AMT-ZDI-cars-Chennai_893A4692E6464BDCA3FF354BC7A549ED.htm
232,https://www.cardekho.com/used-car-details/used-Honda-Jazz-2018-2020-1.2-V-i-VTEC-cars-Chennai_8C117DCD793CE5F3387B2D68AFD6C9AA.htm
233,https://www.cardekho.com/used-car-details/used-Maruti-SX4-2007-2012-ZXI-AT-cars-Chennai_CEC99865FC322172C2BBEB2B7F41644D.htm
234,https://www.cardekho.com/used-car-details/used-Honda-Amaze-2013-2016-VX-O-i-VTEC-cars-Chennai_E1B4EF6A5541465E1404FFE465263AD3.htm
235,https://www.cardekho.com/used-car-details/used-Hyundai-EON-Magna-Plus-cars-Chennai_274B9AAD4604AC139499886C0A520E7D.htm
236,https://www.cardekho.com/used-car-details/used-Hyundai-i20-2009-2011-Sportz-Option-cars-Chennai_911694E31E94368679CF95F7D6C55CD0.htm
237,https://www.cardekho.com/used-car-details/used-Honda-City-2014-2015-i-VTEC-V-cars-Chennai_F5FF70D1CC5FB7576CA114070CE89274.htm
238,https://www.cardekho.com/used-car-details/used-Fiat-Grande-Punto-2009-2013-1.3-Dynamic-(Diesel)-cars-Chennai_99C55E94163BCEF5AD84D1BB4623C554.htm
239,https://www.cardekho.com/used-car-details/used-Maruti-Ciaz-1.4-Alpha-cars-Chennai_3016A0100B14C3C2BB1281E66AAAC87A.htm
240,https://www.cardekho.com/used-car-details/used-Tata-Hexa-2017-2020-XTA-cars-Chennai_1996D9DDDD99A655448DA99F15A2474C.htm
241,https://www.cardekho.com/used-car-details/used-Maruti-Celerio-ZXI-AMT-Optional-cars-Chennai_0CF4F26FDA8C7F6C448C0C1773C4310E.htm
242,https://www.cardekho.com/used-car-details/used-Hyundai-Xcent-2016-2017-1.1-CRDi-SX-Option-cars-Chennai_2D1F8A930B2FDABDAC77E47DE8CDE79F.htm
243,https://www.cardekho.com/used-car-details/used-Toyota-Innova-Crysta-2016-2020-2.4-ZX-MT-cars-Chennai_5576A80E3B2132007F48291D6FB7818D.htm
244,https://www.cardekho.com/used-car-details/used-Maruti-Baleno-1.2-CVT-Zeta-cars-Chennai_C1A6CC5C8D6E735A3DF5C2F5D89B141E.htm
245,https://www.cardekho.com/used-car-details/used-Hyundai-Grand-i10-2013-2016-Asta-cars-Chennai_D0B27DB945AB4BB1F224F66877457071.htm
246,https://www.cardekho.com/used-car-details/used-Maruti-Swift-Dzire-2014-2017-AMT-ZDI-cars-Chennai_893A4692E6464BDCA3FF354BC7A549ED.htm
247,https://www.cardekho.com/used-car-details/used-Honda-Jazz-2018-2020-1.2-V-i-VTEC-cars-Chennai_8C117DCD793CE5F3387B2D68AFD6C9AA.htm
248,https://www.cardekho.com/used-car-details/used-Maruti-SX4-2007-2012-ZXI-AT-cars-Chennai_CEC99865FC322172C2BBEB2B7F41644D.htm
249,https://www.cardekho.com/used-car-details/used-Honda-Amaze-2013-2016-VX-O-i-VTEC-cars-Chennai_E1B4EF6A5541465E1404FFE465263AD3.htm
250,https://www.cardekho.com/used-car-details/used-Hyundai-EON-Magna-Plus-cars-Chennai_274B9AAD4604AC139499886C0A520E7D.htm
251,https://www.cardekho.com/used-car-details/used-Hyundai-i20-2009-2011-Sportz-Option-cars-Chennai_911694E31E94368679CF95F7D6C55CD0.htm
252,https://www.cardekho.com/used-car-details/used-Honda-Jazz-2018-2020-V-Diesel-cars-Chennai_9C968D5A240D760340BB72DF633F33DA.htm
253,https://www.cardekho.com/used-car-details/used-Maruti-Alto-K10-2010-2014-2010-2014-VXI-cars-Chennai_C95509EFD02BCA6BE12DF4774AF371C1.htm
254,https://www.cardekho.com/used-car-details/used-Ford-Ecosport-2013-2015-1.5-DV5-MT-Titanium-cars-Chennai_592E36E29C7B9598230CBBA37167E06D.htm
255,https://www.cardekho.com/used-car-details/used-Hyundai-Creta-2015-2020-1.6-CRDi-SX-Option-cars-Chennai_79E60874FADC296CFC02747D19D46301.htm
256,https://www.cardekho.com/used-car-details/used-Hyundai-i20-2015-2017-Sportz-1.2-cars-Chennai_77D3C5223D9647FC220456D5B60E5E80.htm
257,https://www.cardekho.com/used-car-details/used-Volkswagen-Polo-2015-2019-1.0-MPI-Highline-Plus-cars-Chennai_D40330D2CF92E7CD781F06E70C0EDD4A.htm
258,https://www.cardekho.com/used-car-details/used-Volkswagen-Polo-2013-2015-1.5-TDI-Highline-cars-Chennai_51D2CD6B6B9ACED636E67B6FD3421688.htm
259,https://www.cardekho.com/used-car-details/used-Skoda-Rapid-2011-2013-1.6-TDI-Ambition-Plus-cars-Chennai_BACE5A8998CD203C852D3CCB843BC6BA.htm
260,https://www.cardekho.com/used-car-details/used-Chevrolet-Beat-2010-2013-LT-cars-Chennai_790905296BA40296611F6AC4B180B5C1.htm
261,https://www.cardekho.com/used-car-details/used-Hyundai-Grand-i10-2016-2017-Asta-Option-cars-Chennai_357F8AF686C5563582873194E961B240.htm
262,https://www.cardekho.com/used-car-details/used-Hyundai-Verna-2011-2014-1.6-SX-cars-Chennai_954BE527C858A5A7E9520DBA597C3E90.htm
263,https://www.cardekho.com/used-car-details/used-Maruti-Wagon-R-VXI-cars-Chennai_EA46BAC1BAF25321CDD4A6DD30D4653D.htm
264,https://www.cardekho.com/used-car-details/used-Hyundai-Santro-LE-zipPlus-cars-Chennai_46258C3F77FBB329C84A22563A93765B.htm
265,https://www.cardekho.com/used-car-details/used-Honda-Civic-2010-2013-1.8-V-MT-cars-Chennai_B79A7C72B58518EAC365281BF2A4E0CC.htm
266,https://www.cardekho.com/used-car-details/used-Honda-City-2015-2017-i-VTEC-V-cars-Chennai_948B119E4309D56CC3C0316EC201E7EB.htm
267,https://www.cardekho.com/used-car-details/used-Maruti-Swift-Dzire-2011-2014-VXI-cars-Chennai_9529FA7CC71DBFBAF8D988914D101A01.htm
268,https://www.cardekho.com/used-car-details/used-Maruti-Dzire-2017-2020-VXI-1.2-BS-IV-cars-Chennai_328F490458282BDA166B200B65218471.htm
269,https://www.cardekho.com/used-car-details/used-Ford-Endeavour-2015-2020-3.2-Trend-AT-4X4-cars-Chennai_7E5CF81BB4CF6DC74BE7CBF7B522E12C.htm
270,https://www.cardekho.com/used-car-details/used-Land-Rover-Range-Rover-Evoque-2015-2016-HSE-Dynamic-cars-Chennai_7FC65B11170C644703014211BE1B5916.htm
271,https://www.cardekho.com/used-car-details/used-Maruti-Ertiga-2012-2015-ZDI-cars-Chennai_A57764854CC03B66EAE39FA15E54BFDA.htm
272,https://www.cardekho.com/used-car-details/used-Hyundai-Creta-2015-2020-1.6-CRDi-SX-Plus-cars-Chennai_F92EB9822BFBD747DEFF4F719C6AE07B.htm
273,https://www.cardekho.com/used-car-details/used-Mercedes-Benz-E-Class-2017-2021-Exclusive-E-220-d-BSIV-cars-Chennai_901C429047C8AFE5D702E3B22AC6402F.htm
274,https://www.cardekho.com/used-car-details/used-Volkswagen-Polo-2009-2013-GT-TSI-cars-Chennai_4645A368DC809CC207E832B2C8720556.htm
275,https://www.cardekho.com/used-car-details/used-Volkswagen-Vento-2010-2013-Diesel-Highline-cars-Chennai_F64654DD20E3519426E9D7FAEF6F5678.htm
276,https://www.cardekho.com/used-car-details/used-BMW-7-Series-2012-2015-730Ld-cars-Chennai_5C1E4FC5DAFDDFBE7BD2BDD7E8D3739D.htm
277,https://www.cardekho.com/used-car-details/used-Toyota-Fortuner-2009-2011-3.0-Diesel-cars-Chennai_D65117DF8056A83E9D3BA6A7BCD48483.htm
278,https://www.cardekho.com/used-car-details/used-Maruti-Alto-800-2012-2016-LXI-cars-Chennai_0D9A99929945FCB2422095B1FEE75955.htm
279,https://www.cardekho.com/used-car-details/used-Honda-Jazz-2018-2020-1.2-VX-i-VTEC-cars-Chennai_C118B6353C1AE8F4FD252D127A0B8223.htm
280,https://www.cardekho.com/used-car-details/used-Honda-Jazz-2018-2020-1.2-V-AT-i-VTEC-cars-Chennai_2B54814A785CB07F0962FEEFABA3EE1B.htm
281,https://www.cardekho.com/used-car-details/used-Hyundai-Creta-2015-2020-1.6-CRDi-SX-cars-Chennai_7E90CCA1BF63EE488332A3C3F231DDF9.htm
282,https://www.cardekho.com/used-car-details/used-Honda-Amaze-2016-2021-SX-i-DTEC-cars-Chennai_B48B555C99EDC8302AD62AC52F3EEB4F.htm
283,https://www.cardekho.com/used-car-details/used-Maruti-Ertiga-ZXI-Plus-cars-Chennai_E8481A1D42AFAEFEC50950DE1409A303.htm
284,https://www.cardekho.com/used-car-details/used-Hyundai-Creta-2015-2020-1.6-EX-Petrol-cars-Chennai_E3E2B94DD836112F67BD73BD4CDE8E26.htm
285,https://www.cardekho.com/used-car-details/used-Mahindra-XUV500-W11-BSIV-cars-Chennai_1DB87DF368678754A70DBB4DC640B98B.htm
286,https://www.cardekho.com/used-car-details/used-Maruti-Zen-Estilo-1.1-VXI-BSIII-cars-Chennai_4379B7462B1ECBB065C6096F77F9B49C.htm
287,https://www.cardekho.com/used-car-details/used-Maruti-Esteem-Vxi---BSIII-cars-Chennai_FAD3B3700FAE0B19053B76407B84D851.htm
288,https://www.cardekho.com/used-car-details/used-Hyundai-Grand-i10-2013-2016-Asta-cars-Chennai_EAD0CC205888987B29F842F7C888569D.htm
289,https://www.cardekho.com/used-car-details/used-Hyundai-i10-Magna-cars-Chennai_8C2319E41EE2646EA60A19395434C961.htm
290,https://www.cardekho.com/used-car-details/used-Maruti-Alto-800-2016-2019-LXI-Optional-cars-Chennai_80F9DFA73ABD86FB269A22EA0C7E8696.htm
291,https://www.cardekho.com/used-car-details/used-Hyundai-EON-Era-Plus-cars-Chennai_054CF0E3EC728DCB31591D6B92D49FD1.htm
292,https://www.cardekho.com/used-car-details/used-Hyundai-i20-2015-2017-Asta-1.2-cars-Chennai_96EC7C82B3122FC1FAFDEF2C36B176AF.htm
293,https://www.cardekho.com/used-car-details/used-Honda-WRV-2017-2020-i-DTEC-VX-cars-Chennai_0D8069E65681B30EF099A1AABEEF3FB7.htm
294,https://www.cardekho.com/used-car-details/used-Hyundai-Santa-Fe-2009-2013-4X2-cars-Chennai_C90325610796EF3A74B5658458728201.htm
295,https://www.cardekho.com/used-car-details/used-Hyundai-Grand-i10-1.2-Kappa-Sportz-BSIV-cars-Chennai_D4B591872F72F2AC56E1C51599B4B16E.htm
296,https://www.cardekho.com/used-car-details/used-Ford-Figo-2010-2012-Petrol-EXI-cars-Chennai_BEE221697576B2BC837AB964A129B06B.htm
297,https://www.cardekho.com/used-car-details/used-BMW-3-Series-GT-Luxury-Line-cars-Chennai_DEB01A71A8936F7EF3CF29F6848BF9B0.htm
298,https://www.cardekho.com/used-car-details/used-Maruti-Baleno-1.2-Zeta-cars-Chennai_AC5FD76595B9F144CEB7188377CFA80A.htm
299,https://www.cardekho.com/used-car-details/used-Maruti-Ritz-2009-2011-VXI-cars-Chennai_7C4278A3CF8DFFBFA9B6693F7D699D31.htm
300,https://www.cardekho.com/used-car-details/used-Volkswagen-Vento-1.2-TSI-Highline-BSIV-cars-Chennai_87875B6181349580A663E4FDC82BB7D6.htm
301,https://www.cardekho.com/used-car-details/used-Volkswagen-Vento-2015-2019-1.6-Highline-Plus-cars-Chennai_771163B6AFE4D13BE689FFD677B0BF34.htm
302,https://www.cardekho.com/used-car-details/used-Maruti-Wagon-R-VXI-BS-IV-cars-Chennai_339BF36DD7FA9263CD35D8D76F177C68.htm
303,https://www.cardekho.com/used-car-details/used-Hyundai-Verna-2017-2020-CRDi-1.6-SX-Option-cars-Chennai_9553634324BA09C24F1566E3C7C42627.htm
304,https://www.cardekho.com/used-car-details/used-Mahindra-TUV-300-2015-2019-T8-cars-Chennai_FF72C4484195B5A484B4412262E52974.htm
305,https://www.cardekho.com/used-car-details/used-Hyundai-Creta-2015-2020-1.6-CRDi-SX-cars-Chennai_26E01624639C563932C9DFCD517C6D14.htm
306,https://www.cardekho.com/used-car-details/used-Hyundai-Grand-i10-1.2-Kappa-Magna-BSIV-cars-Chennai_52D61F6E62FF933A58D424E5F3FC9036.htm
307,https://www.cardekho.com/used-car-details/used-Maruti-Ciaz-2014-2017-VDi-cars-Chennai_E1739B8A3C13E6F56C44261DA786A544.htm
308,https://www.cardekho.com/used-car-details/used-Toyota-Innova-2.5-VX-(Diesel)-7-Seater-cars-Chennai_CD899F986AA6D9A18685339D2BA3BAF7.htm
309,https://www.cardekho.com/used-car-details/used-Mahindra-TUV-300-2015-2019-T8-AMT-cars-Chennai_AAEE33CE3DE97EE7B4F9378F1B54ACCB.htm
310,https://www.cardekho.com/used-car-details/used-Toyota-Innova-Crysta-2016-2020-2.4-ZX-MT-cars-Chennai_73BAA934EA1AEE34A0887D4ABA3AC89E.htm
311,https://www.cardekho.com/used-car-details/used-Hyundai-Grand-i10-2013-2016-Asta-cars-Chennai_573EF22E964E0B42D9BD8D589FAF10DD.htm
312,https://www.cardekho.com/used-car-details/used-Honda-Amaze-2013-2016-VX-i-Vtech-cars-Chennai_A34CA1832FA9A37F7649A219F73C477E.htm
313,https://www.cardekho.com/used-car-details/used-Honda-Jazz-2018-2020-1.2-V-i-VTEC-cars-Chennai_09EF197D70A9E1A1CE3E17C8E3B7BB08.htm
314,https://www.cardekho.com/used-car-details/used-Maruti-Alto-K10-2010-2014-2010-2014-VXI-cars-Chennai_67251299B9AFCC5A0486DDE771328A36.htm
315,https://www.cardekho.com/used-car-details/used-Toyota-Innova-Crysta-2016-2020-2.8-ZX-AT-BSIV-cars-Chennai_6434EACE1807D21EEE02FBFF481E9E32.htm
316,https://www.cardekho.com/used-car-details/used-Maruti-Baleno-1.2-Zeta-cars-Chennai_980D489FD9F95E867D340F3B7726C12F.htm
317,https://www.cardekho.com/used-car-details/used-Mercedes-Benz-SLC-43-AMG-cars-New-Delhi_095EB81E41436C98627DE516D8B79FB6.htm
318,https://www.cardekho.com/used-car-details/used-Land-Rover-Range-Rover-4.4-Diesel-LWB-Autobiography-cars-New-Delhi_D838A8C9AEE73C7CD727C7508ABA6332.htm
319,https://www.cardekho.com/used-car-details/used-Audi-A3-35-TDI-Premium-Plus-cars-New-Delhi_D312F9BDF3E668E7D5BDE05823A8FEBF.htm
320,https://www.cardekho.com/used-car-details/used-Mercedes-Benz-S-Class-2012-2021-S400-cars-New-Delhi_E0CDC4304D28EE74FD4718E580370211.htm
321,https://www.cardekho.com/used-car-details/used-Hyundai-Santro-Xing-XL-cars-New-Delhi_AA3C4E0CA4D4C9385CD0AC47CBDE97EF.htm
322,https://www.cardekho.com/buy-used-car-details/used-Maruti-Swift-Amt-Zxi-Bsiv-cars-New-Delhi_6f18a140-ae29-4d53-b5d4-c13e52dced2a.htm
323,https://www.cardekho.com/used-car-details/used-Maruti-Dzire-2017-2020-VDI-cars-Hyderabad_6CBFEA7CA61C69F857D48665C5FE20DD.htm
324,https://www.cardekho.com/used-car-details/used-Toyota-Innova-2004-2011-2.5-V-Diesel-7-seater-cars-Hyderabad_59EA4DD4D6564BE66B7850EB3141A4F7.htm
325,https://www.cardekho.com/used-car-details/used-Maruti-Wagon-R-VXI-BS-IV-cars-Hyderabad_7D06915BE1859F5692E2255CD896AE62.htm
326,https://www.cardekho.com/used-car-details/used-Renault-Pulse-RxL-cars-Hyderabad_304AB1B27E0DA67E95FB3F016D43BB3B.htm
327,https://www.cardekho.com/used-car-details/used-Hyundai-Elite-i20-2017-2020-Petrol-Asta-cars-Hyderabad_3DB9114433EA774C4CEEA6FABB478889.htm
328,https://www.cardekho.com/buy-used-car-details/used-Maruti-Ciaz-Alpha-1.5-cars-Jaipur_38ce5356-51ef-4f27-a504-3804fed90506.htm
329,https://www.cardekho.com/buy-used-car-details/used-Hyundai-Verna-1.6-Sx-cars-Jaipur_ce8bf578-aa8f-4e78-980c-65234f50f540.htm
330,https://www.cardekho.com/buy-used-car-details/used-Maruti-Alto-K10-Vxi-Amt-cars-Jaipur_ddfb5f49-160e-432b-aeb7-0f5a4f07fc87.htm
331,https://www.cardekho.com/buy-used-car-details/used-Renault-Kwid-Rxl-cars-Jaipur_9cf071ad-7856-4d82-a612-48c640292d69.htm
332,https://www.cardekho.com/buy-used-car-details/used-Maruti-Baleno-1.2-Delta-cars-Jaipur_7d8e1070-db4d-47b3-ba80-2670d25e81b7.htm
333,https://www.cardekho.com/buy-used-car-details/used-Honda-Amaze-Vx-Petrol-Bsiv-cars-Jaipur_5874cd1d-c349-4f2f-9f79-67030fb3d57d.htm
334,https://www.cardekho.com/buy-used-car-details/used-Hyundai-I20-Magna-Plus-cars-Jaipur_122476fe-c547-40b6-b842-33b379f64437.htm
335,https://www.cardekho.com/used-car-details/used-Tata-Nano-2012-2015-Twist-XT-cars-Jaipur_11D2F6EFF2A96238EEB90DAD077EFFEA.htm
336,https://www.cardekho.com/used-car-details/used-Hyundai-Verna-2017-2020-VTVT-1.6-SX-Option-cars-Jaipur_7523783952048A4FCF48CFF8E05C488C.htm
337,https://www.cardekho.com/used-car-details/used-Toyota-Corolla-Executive-(HE)-cars-Jaipur_D054E26D6699E44837BE769D9B89D957.htm
338,https://www.cardekho.com/used-car-details/used-Tata-Safari-Storme-EX-cars-Jaipur_1AF10019B2FC572F03E42441C45E1223.htm
339,https://www.cardekho.com/used-car-details/used-Honda-Brio-1.2-S-MT-cars-Jaipur_81CDC2C34D3E05926BE1620DFC881410.htm
340,https://www.cardekho.com/used-car-details/used-Maruti-Zen-Estilo-LXI-BSIII-cars-Jaipur_F1FE0FCA9BB77B87CC343D5D4E43A41B.htm
341,https://www.cardekho.com/used-car-details/used-Maruti-Baleno-Zeta-cars-Jaipur_8FF0C0663A3640B27B253CFC7B3F5B67.htm
342,https://www.cardekho.com/used-car-details/used-Ford-Figo-2010-2012-Diesel-Titanium-cars-Jaipur_0A0E7E42B2D6305D09D3D2D9BAB3A051.htm
343,https://www.cardekho.com/used-car-details/used-Kia-Seltos-HTX-IVT-G-cars-Jaipur_68D31D54DE0E3F883036E161E3B25B7C.htm
344,https://www.cardekho.com/used-car-details/used-Hyundai-Verna-2017-2020-CRDi-1.6-SX-cars-Jaipur_A8B5B8F4107A1DDD40CF6BC3B91E831A.htm
345,https://www.cardekho.com/used-car-details/used-Honda-Jazz-2018-2020-1.5-SV-i-DTEC-cars-Jaipur_7CEB922B07E7909827A858CD89B53B60.htm
346,https://www.cardekho.com/used-car-details/used-Mahindra-Quanto-C8-cars-Jaipur_BB8D7988EDFA429A6FFC82252B29273E.htm
347,https://www.cardekho.com/used-car-details/used-Honda-Jazz-2018-2020-V-CVT-cars-Jaipur_91A0F579AE507F1651EA904B23907CF3.htm
348,https://www.cardekho.com/buy-used-car-details/used-Maruti-Ciaz-Alpha-1.5-cars-Jaipur_38ce5356-51ef-4f27-a504-3804fed90506.htm
349,https://www.cardekho.com/buy-used-car-details/used-Hyundai-Verna-1.6-Sx-cars-Jaipur_ce8bf578-aa8f-4e78-980c-65234f50f540.htm
350,https://www.cardekho.com/buy-used-car-details/used-Maruti-Alto-K10-Vxi-Amt-cars-Jaipur_ddfb5f49-160e-432b-aeb7-0f5a4f07fc87.htm
351,https://www.cardekho.com/buy-used-car-details/used-Renault-Kwid-Rxl-cars-Jaipur_9cf071ad-7856-4d82-a612-48c640292d69.htm
352,https://www.cardekho.com/buy-used-car-details/used-Maruti-Baleno-1.2-Delta-cars-Jaipur_7d8e1070-db4d-47b3-ba80-2670d25e81b7.htm
353,https://www.cardekho.com/buy-used-car-details/used-Honda-Amaze-Vx-Petrol-Bsiv-cars-Jaipur_5874cd1d-c349-4f2f-9f79-67030fb3d57d.htm
354,https://www.cardekho.com/buy-used-car-details/used-Hyundai-I20-Magna-Plus-cars-Jaipur_122476fe-c547-40b6-b842-33b379f64437.htm
355,https://www.cardekho.com/used-car-details/used-Maruti-S-Cross-2017-2020-Facelift-cars-Kolkata_ADE57CB025612BF67CD07B7B050905C3.htm
356,https://www.cardekho.com/used-car-details/used-Maruti-Alto-800-2012-2016-LXI-cars-Kolkata_0641FB22404D70B681DCA2D9B6120CA1.htm
357,https://www.cardekho.com/used-car-details/used-Volkswagen-Polo-2009-2013-Petrol-Highline-1.2L-cars-Kolkata_431A269504B3B73D3A658BADBDD1EE3F.htm
358,https://www.cardekho.com/used-car-details/used-Maruti-Swift-Dzire-2008-1.2-Lxi-BSIV-cars-Kolkata_51B19C002FA9550ECA0F262F67756E59.htm
359,https://www.cardekho.com/used-car-details/used-Maruti-Alto-K10-2010-2014-LXI-cars-Kolkata_9BCD511E2278B7E590DD21051705CD72.htm
360,https://www.cardekho.com/used-car-details/used-Hyundai-i10-Magna-cars-Kolkata_D3E44C0B991F1132400D862BCFD2BCA9.htm
361,https://www.cardekho.com/used-car-details/used-Maruti-Ertiga-VXI-Petrol-cars-Kolkata_85D12ACD94FEEDB8F6C693B4711D60CA.htm
362,https://www.cardekho.com/used-car-details/used-Hyundai-i10-Sportz-Option-cars-Kolkata_67CA23E1BEE28CEA62ECE06CEC2EC651.htm
363,https://www.cardekho.com/used-car-details/used-Datsun-GO-Plus-T-BSIV-cars-Kolkata_019FEEADE131F5D20E7131073D99734C.htm
364,https://www.cardekho.com/used-car-details/used-Volkswagen-Vento-2015-2019-1.5-TDI-Highline-cars-Kolkata_24E2961D64B06C31E090B55D7080FD72.htm
365,https://www.cardekho.com/used-car-details/used-Toyota-Innova-Crysta-2016-2020-2.4-VX-MT-BSIV-cars-Kolkata_CF6E274765E4DD62C70641F65BB2316C.htm
366,https://www.cardekho.com/used-car-details/used-Honda-Amaze-2013-2016-S-i-Dtech-cars-Kolkata_347382F6CD6F55F40B09EB8A9DB47A01.htm
367,https://www.cardekho.com/used-car-details/used-Renault-Scala-RxL-AT-cars-Kolkata_9014BA04D693DD59DCA7B5DF0F9062D2.htm
368,https://www.cardekho.com/used-car-details/used-Hyundai-i20-2012-2014-Sportz-1.4-CRDi-cars-Kolkata_32B66273CE258EDB470DD838F34F95D7.htm
369,https://www.cardekho.com/used-car-details/used-Hyundai-i20-2015-2017-Magna-1.2-cars-Kolkata_922B8B92AAC72EE6B136E42B1805F341.htm
370,https://www.cardekho.com/used-car-details/used-Maruti-Wagon-R-VXI-cars-Kolkata_FED64DFE5B34B83F51509ADDB8BA1995.htm
371,https://www.cardekho.com/used-car-details/used-Hyundai-Creta-2015-2020-1.6-VTVT-AT-SX-Plus-cars-Kolkata_2BF893D1D8B400A5B44A4ACC592236BC.htm
372,https://www.cardekho.com/used-car-details/used-Toyota-Etios-2013-2014-G-cars-Kolkata_ADE8C60DC787AF8CA194E9BB9F628B28.htm
373,https://www.cardekho.com/used-car-details/used-Hyundai-Creta-2015-2020-1.6-CRDi-SX-cars-Kolkata_774FCC7C1CBCE1CF09FDD397417C9C51.htm
374,https://www.cardekho.com/used-car-details/used-Honda-City-2014-2015-i-VTEC-VX-Option-cars-Kolkata_A2E8D166D866695A2C777A2A9C49C782.htm
375,https://www.cardekho.com/used-car-details/used-Toyota-Corolla-Altis-2013-2017-D-4D-GL-cars-Kolkata_6E6D8417CEE32F9C52FCEEF29272B1D1.htm
376,https://www.cardekho.com/used-car-details/used-Honda-City-2014-2015-i-VTEC-VX-Option-cars-Kolkata_A2E8D166D866695A2C777A2A9C49C782.htm
377,https://www.cardekho.com/used-car-details/used-Toyota-Etios-Cross-1.2L-G-cars-Kolkata_5D8C39C6494DD0AA1645502B0C7604F4.htm
378,https://www.cardekho.com/used-car-details/used-BMW-5-Series-2013-2017-520d-Luxury-Line-cars-Kolkata_3060E37E4E0C2BFBF5E8EE5F675F8654.htm
379,https://www.cardekho.com/used-car-details/used-Renault-KWID-1.0-RXT-Opt-BSIV-cars-Kolkata_0FA11D7E899D20E1DD81E7D6FC650180.htm
380,https://www.cardekho.com/used-car-details/used-Maruti-SX4-2007-2012-Vxi-BSIV-cars-Kolkata_3BDC1A3871D79A80C144981C632AA134.htm
381,https://www.cardekho.com/used-car-details/used-Mahindra-Marazzo-M2-8Str-BSIV-cars-Kolkata_81FC876E03927F0F9BB367C830E8BE37.htm
382,https://www.cardekho.com/used-car-details/used-Mitsubishi-Cedia-Sports-cars-Kolkata_D3CB75033EA95CCDB469CAAB895D3966.htm
383,https://www.cardekho.com/used-car-details/used-Honda-Amaze-2016-2021-VX-i-DTEC-cars-Kolkata_A6EA35A7592A566597AAD546A495BE98.htm
384,https://www.cardekho.com/used-car-details/used-Hyundai-Grand-i10-Magna-cars-Kolkata_6022D341745ABAD985C97DC7011D76F5.htm
385,https://www.cardekho.com/used-car-details/used-Volkswagen-Jetta-2.0L-TDI-Highline-cars-Kolkata_5D28DA0972CBA51D7A1E682E0B7BBA8B.htm
386,https://www.cardekho.com/used-car-details/used-Honda-City-2011-2013-S-cars-Kolkata_0241B92F632A0DE0E3FE472DBBDDD60E.htm
387,https://www.cardekho.com/used-car-details/used-Maruti-Celerio-VXI-AMT-BSIV-cars-Kolkata_604C3C2D84223D60BE6FE30B7FB2F53E.htm
388,https://www.cardekho.com/used-car-details/used-Mahindra-Marazzo-M2-8Str-cars-Kolkata_6E0DC953BFC1762B4F8D3611FC2C9CB5.htm
389,https://www.cardekho.com/used-car-details/used-Hyundai-i10-Era-cars-Kolkata_6BC6F92F26FBDD879DBE053C69C7E164.htm
390,https://www.cardekho.com/used-car-details/used-Audi-Q5-2012-2017-30-TDI-quattro-Premium-cars-Kolkata_8A8B6D959A76C65E4CD987F1E30BA0D0.htm
391,https://www.cardekho.com/used-car-details/used-Honda-WR-V-VX-cars-Kolkata_16C2B7788FD47466E7C9F701F5073CFD.htm
392,https://www.cardekho.com/used-car-details/used-Maruti-Alto-K10-VXI-cars-Kolkata_B5AACBDBDAFE57ADB76C178A92C57194.htm
393,https://www.cardekho.com/used-car-details/used-Volkswagen-Vento-2010-2013-Diesel-Highline-cars-Kolkata_D7CB43EF498A5836F86C451E1343B092.htm
394,https://www.cardekho.com/used-car-details/used-Maruti-Wagon-R-2010-2012-VXI-BS-IV-cars-Kolkata_12ABBE78603047BC917A5B645691F56C.htm
395,https://www.cardekho.com/used-car-details/used-Maruti-Wagon-R-2010-2012-VXI-BS-IV-cars-Kolkata_12ABBE78603047BC917A5B645691F56C.htm
396,https://www.cardekho.com/used-car-details/used-Ford-Ecosport-2013-2015-1.5-DV5-MT-Ambiente-cars-Kolkata_7B7D0FF52835AD1119C48053FAB06790.htm
397,https://www.cardekho.com/used-car-details/used-Honda-Amaze-2013-2016-S-i-Dtech-cars-Kolkata_527FA9446250F2A7439CDB139D0C0DEE.htm
398,https://www.cardekho.com/used-car-details/used-Hyundai-Elite-i20-2014-2015-Magna-1.2-cars-Kolkata_CCB7311ED4B9A6549D5E3A58DDBDAB7F.htm
399,https://www.cardekho.com/used-car-details/used-Maruti-A-Star-Vxi-cars-Kolkata_F316626666850081C3F90DF5EC3D3A82.htm
400,https://www.cardekho.com/used-car-details/used-Maruti-Swift-2011-2014-RS-VDI-cars-Kolkata_606BF84EAAF55306A146CB40C40BD497.htm
401,https://www.cardekho.com/used-car-details/used-Mahindra-Bolero-2001-2010-ZLX-cars-Kolkata_8FCD499E85A0E2E2535DB77143660768.htm
402,https://www.cardekho.com/used-car-details/used-Maruti-Baleno-1.2-Alpha-cars-Kolkata_941395321E6E66707135C9F22C07D6B2.htm
403,https://www.cardekho.com/used-car-details/used-Hyundai-Santro-Xing-XL-eRLX-Euro-II-cars-Kolkata_4FB088CA64EE392741D9E3F6DF91A427.htm
404,https://www.cardekho.com/used-car-details/used-Kia-Sonet-GTX-Plus-Turbo-iMT-cars-Kolkata_0349AB45F4EBBE25968B41B14178ED6D.htm
405,https://www.cardekho.com/used-car-details/used-Hyundai-Verna-2015-2016-1.6-VTVT-SX-cars-Kolkata_A6C76934A5EC5682A46036085EC323C3.htm
406,https://www.cardekho.com/used-car-details/used-Mahindra-KUV-100-G80-K2-cars-Kolkata_F7EEF17D07EC0680ECB091D6E4E8D6B3.htm
407,https://www.cardekho.com/used-car-details/used-Maruti-Ignis-1.2-Zeta-BSIV-cars-Kolkata_005AA4E13EAA82DEAB5D451CA243BF97.htm
408,https://www.cardekho.com/used-car-details/used-Ford-Figo-2010-2012-Diesel-Titanium-cars-Kolkata_B8F8F2EFBAD6E6009F9C3BB45E38A641.htm
409,https://www.cardekho.com/used-car-details/used-Maruti-Wagon-R-AMT-VXI-cars-Kolkata_0CD7A1C296657422737EB2B8ECB40BCE.htm
410,https://www.cardekho.com/used-car-details/used-Maruti-Alto-LXi-cars-Kolkata_41C9E52F2AC15C5857B38799919BC2AF.htm
411,https://www.cardekho.com/used-car-details/used-Maruti-Swift-Dzire-VXI-cars-Kolkata_D28BFE35EFA196B64D4750CECB3074D3.htm
412,https://www.cardekho.com/used-car-details/used-Maruti-SX4-S-Cross-2015-2017-DDiS-200-Zeta-cars-Kolkata_2FC053A4F226A32F7404BD584CF01912.htm
413,https://www.cardekho.com/used-car-details/used-Maruti-Vitara-Brezza-2016-2020-VDi-Option-cars-Kolkata_9E132F775FC9E9031FCE137561AEC3E9.htm
414,https://www.cardekho.com/used-car-details/used-Hyundai-i10-Magna-1.2-iTech-SE-cars-Kolkata_424AD823CEA970E0E1BCB5456087863D.htm
415,https://www.cardekho.com/used-car-details/used-Hyundai-i20-Active-1.2-S-cars-Kolkata_332022B5643FE3D5E917AF07D0CAB089.htm
416,https://www.cardekho.com/used-car-details/used-Volkswagen-Vento-2015-2019-1.6-Highline-cars-Kolkata_CE8C4159C2CA619BF1DE32DED8BB3BCE.htm
417,https://www.cardekho.com/used-car-details/used-Datsun-GO-T-BSIV-cars-Kolkata_7E73C90D25B5CFC4B115C63097AD76D3.htm
418,https://www.cardekho.com/used-car-details/used-Maruti-Ertiga-2012-2015-VXI-cars-Kolkata_F7875E0FF4E5DE41DC43863E0F7E1B7A.htm
419,https://www.cardekho.com/used-car-details/used-Datsun-GO-T-BSIV-cars-Kolkata_F2A7D8555A4ADE15431FB504026F63F5.htm
420,https://www.cardekho.com/used-car-details/used-Hyundai-EON-D-Lite-Plus-cars-Kolkata_A8D0CD5586027F04356AF82B4A5F107A.htm
421,https://www.cardekho.com/used-car-details/used-Hyundai-Elantra-2015-2019-2.0-SX-cars-Kolkata_ECE24C45B1B79D14A22540390066C8A9.htm
422,https://www.cardekho.com/used-car-details/used-Hyundai-i20-2012-2014-Magna-Optional-1.2-cars-Kolkata_54479FB5EF7195471733E88E0A0BD679.htm
423,https://www.cardekho.com/used-car-details/used-Renault-Fluence-E4-D-cars-Kolkata_6B62F98B5828C5FC91E5D487F424BC9F.htm
424,https://www.cardekho.com/used-car-details/used-Renault-Scala-RxE-cars-Kolkata_2F382CDC06165959971C482EF23C2148.htm
425,https://www.cardekho.com/used-car-details/used-Maruti-Wagon-R-VXI-BS-IV-cars-Kolkata_692D42389D570A831CEAAE84BDE04089.htm
426,https://www.cardekho.com/used-car-details/used-Maruti-Swift-2014-2021-VXI-cars-Kolkata_82FC273BF59A7804092D381E13AEC3BC.htm
427,https://www.cardekho.com/used-car-details/used-Maruti-Vitara-Brezza-2016-2020-VDi-Option-cars-Kolkata_02454020B9A6F9C7CD40FEF3D61A7A31.htm
428,https://www.cardekho.com/used-car-details/used-Honda-City-2015-2017-i-DTec-VX-Option-cars-Kolkata_C5186CAA0F44DDEA5B1A2D61351742C4.htm
429,https://www.cardekho.com/used-car-details/used-Mitsubishi-Pajero-Sport-4X2-AT-cars-Kolkata_4FC32C7A1C01D7F68C0BFE4E6F34FB1C.htm
430,https://www.cardekho.com/used-car-details/used-Ford-Figo-2010-2012-Petrol-ZXI-cars-Kolkata_DD5211F2378CD6733903F4C35550115D.htm
431,https://www.cardekho.com/used-car-details/used-Toyota-Innova-Crysta-2016-2020-2.4-VX-MT-8-STR-cars-Kolkata_27982678223F77687F9FBB9E0CBF0574.htm
432,https://www.cardekho.com/used-car-details/used-Renault-Duster-2012-2015-110PS-Diesel-RxZ-cars-Kolkata_FCB7F4EA1806006DFA3D1DACC6513FCB.htm
433,https://www.cardekho.com/used-car-details/used-Maruti-Ertiga-SHVS-VDI-cars-Kolkata_244887F12BB67EE4D470E6309B37B2E5.htm
434,https://www.cardekho.com/used-car-details/used-Maruti-Alto-2005-2010-LXi-BSIII-cars-Kolkata_A4BC668804898DD694BCE59EE1DE489B.htm
435,https://www.cardekho.com/used-car-details/used-Honda-City-ZX-2005-2008-GXi-cars-Kolkata_B07C99E80C6F42199E6CE36A87C039CA.htm
436,https://www.cardekho.com/used-car-details/used-Nissan-Micra-2010-2012-Diesel-XV-cars-Kolkata_641B492B9F4756AF5630A58FBD6F623B.htm
437,https://www.cardekho.com/used-car-details/used-BMW-X1-2012-2015-sDrive20d-cars-Kolkata_805B5365DD50EE0706BAC6AA81D6EF86.htm
438,https://www.cardekho.com/used-car-details/used-Honda-Civic-2006-2010-1.8-V-AT-cars-Kolkata_00AA7F97FA369C17EAFB2E10DC0E6F99.htm
439,https://www.cardekho.com/used-car-details/used-Skoda-Laura-Ambition-2.0-TDI-CR-AT-cars-Kolkata_832371BFA857B127D11DA808E4E2070F.htm
440,https://www.cardekho.com/used-car-details/used-Maruti-Wagon-R-2010-2012-VXI-BS-IV-cars-Kolkata_7D72DB70DAFCE1F8ED2FEABF4C8E80B8.htm
441,https://www.cardekho.com/used-car-details/used-Volkswagen-Vento-2010-2013-Diesel-Comfortline-cars-Kolkata_86AA5349CD065E66D404B0BC3729F95C.htm
442,https://www.cardekho.com/used-car-details/used-Maruti-Dzire-2017-2020-VXI-1.2-BS-IV-cars-Kolkata_3F8023D10F23086F108BC768C9559D63.htm
443,https://www.cardekho.com/used-car-details/used-Maruti-Alto-800-2012-2016-LXI-cars-Kolkata_15AE04434B8F917898BDE7D02F00AD62.htm
444,https://www.cardekho.com/used-car-details/used-BMW-5-Series-2003-2012-523i-cars-Kolkata_FCC68A7BFE8366F3E185081E2960CFE3.htm
445,https://www.cardekho.com/used-car-details/used-Ford-Ecosport-2013-2015-1.5-Ti-VCT-MT-Ambiente-cars-Kolkata_D6454401FA2C1B2F70684B438777040A.htm
446,https://www.cardekho.com/used-car-details/used-Honda-City-2008-2011-1.5-V-MT-cars-Kolkata_613FA0A33470FB390ED33A8C195EE13F.htm
447,https://www.cardekho.com/used-car-details/used-Hyundai-i10-2007-2010-Sportz-1.2-cars-Kolkata_008D98A34EBE14FBC71BB16CA22C19FD.htm
448,https://www.cardekho.com/used-car-details/used-Toyota-Innova-2.5-G-(Diesel)-7-Seater-BS-IV-cars-Kolkata_8E1176FEA67A3C3A70B1B9BEF94449FE.htm
449,https://www.cardekho.com/used-car-details/used-Mahindra-Scorpio-1.99-S10-cars-Kolkata_046E84722DB5E86B58FE10365955A16F.htm
450,https://www.cardekho.com/used-car-details/used-Maruti-Swift-Dzire-2008-VDi-cars-Kolkata_375D94D80153A642E90DBF320307D584.htm
451,https://www.cardekho.com/used-car-details/used-Maruti-Swift-Dzire-2014-2017-VXI-cars-Kolkata_C6447D0642469D317F0C25E1E743B239.htm
452,https://www.cardekho.com/used-car-details/used-Hyundai-Creta-2015-2020-1.6-CRDi-SX-cars-Kolkata_B279973E695F6D34094F08F49479A41A.htm
453,https://www.cardekho.com/used-car-details/used-Nissan-Sunny-2014-2016-XL-CVT-cars-Kolkata_F8DC1A5F491716AB0B68B754DD774AFE.htm
454,https://www.cardekho.com/used-car-details/used-Maruti-Swift-Dzire-Tour-LXI-cars-Kolkata_327BDB442CA94F85921243230F753B63.htm
455,https://www.cardekho.com/used-car-details/used-Hyundai-EON-Magna-Optional-cars-Kolkata_C6BAED6E0B3A501CFDDECB1712F96D43.htm
456,https://www.cardekho.com/used-car-details/used-Honda-City-ZX-2005-2008-GXi-cars-Kolkata_B07C99E80C6F42199E6CE36A87C039CA.htm
457,https://www.cardekho.com/used-car-details/used-Nissan-Micra-2010-2012-Diesel-XV-cars-Kolkata_641B492B9F4756AF5630A58FBD6F623B.htm
458,https://www.cardekho.com/used-car-details/used-BMW-X1-2012-2015-sDrive20d-cars-Kolkata_805B5365DD50EE0706BAC6AA81D6EF86.htm
459,https://www.cardekho.com/used-car-details/used-Honda-Civic-2006-2010-1.8-V-AT-cars-Kolkata_00AA7F97FA369C17EAFB2E10DC0E6F99.htm
460,https://www.cardekho.com/used-car-details/used-Chevrolet-Enjoy-2013-2015-Petrol-LS-8-Seater-cars-Kolkata_EE5EF50B839D14303EA80CB199BB14E5.htm
461,https://www.cardekho.com/used-car-details/used-Skoda-Laura-Ambition-2.0-TDI-CR-AT-cars-Kolkata_832371BFA857B127D11DA808E4E2070F.htm
462,https://www.cardekho.com/used-car-details/used-Maruti-Wagon-R-2010-2012-VXI-BS-IV-cars-Kolkata_7D72DB70DAFCE1F8ED2FEABF4C8E80B8.htm
463,https://www.cardekho.com/used-car-details/used-Volkswagen-Vento-2010-2013-Diesel-Comfortline-cars-Kolkata_86AA5349CD065E66D404B0BC3729F95C.htm
464,https://www.cardekho.com/used-car-details/used-Maruti-Dzire-2017-2020-VXI-1.2-BS-IV-cars-Kolkata_3F8023D10F23086F108BC768C9559D63.htm
465,https://www.cardekho.com/used-car-details/used-Maruti-Alto-800-2012-2016-LXI-cars-Kolkata_15AE04434B8F917898BDE7D02F00AD62.htm
466,https://www.cardekho.com/used-car-details/used-BMW-5-Series-2003-2012-523i-cars-Kolkata_FCC68A7BFE8366F3E185081E2960CFE3.htm
467,https://www.cardekho.com/used-car-details/used-Ford-Ecosport-2013-2015-1.5-Ti-VCT-MT-Ambiente-cars-Kolkata_D6454401FA2C1B2F70684B438777040A.htm
468,https://www.cardekho.com/used-car-details/used-Maruti-Swift-Dzire-2014-2017-ZDI-cars-Kolkata_73BB647379316543C5ABD56EA42196ED.htm
469,https://www.cardekho.com/used-car-details/used-Hyundai-i10-Sportz-cars-Kolkata_A3D02F13658CCDFF438A239C0E41D174.htm
470,https://www.cardekho.com/used-car-details/used-Honda-City-2008-2011-1.5-V-MT-cars-Kolkata_613FA0A33470FB390ED33A8C195EE13F.htm
471,https://www.cardekho.com/used-car-details/used-Hyundai-i10-2007-2010-Sportz-1.2-cars-Kolkata_008D98A34EBE14FBC71BB16CA22C19FD.htm
472,https://www.cardekho.com/used-car-details/used-Toyota-Innova-2.5-G-(Diesel)-7-Seater-BS-IV-cars-Kolkata_8E1176FEA67A3C3A70B1B9BEF94449FE.htm
473,https://www.cardekho.com/used-car-details/used-Mahindra-Scorpio-1.99-S10-cars-Kolkata_046E84722DB5E86B58FE10365955A16F.htm
474,https://www.cardekho.com/used-car-details/used-Hyundai-Elite-i20-2014-2015-Sportz-1.2-cars-Kolkata_4C5C91479ADB74B966762770E98F5BD1.htm
475,https://www.cardekho.com/used-car-details/used-Maruti-Swift-Dzire-2008-VDi-cars-Kolkata_375D94D80153A642E90DBF320307D584.htm
476,https://www.cardekho.com/used-car-details/used-Maruti-Swift-Dzire-2014-2017-VXI-cars-Kolkata_C6447D0642469D317F0C25E1E743B239.htm
477,https://www.cardekho.com/used-car-details/used-Hyundai-Creta-2015-2020-1.6-CRDi-SX-cars-Kolkata_B279973E695F6D34094F08F49479A41A.htm
478,https://www.cardekho.com/used-car-details/used-Ford-Ecosport-2015-2021-1.5-Petrol-Titanium-BSIV-cars-Kolkata_1F3D08979B4B8573A4E25A028817DAA6.htm
479,https://www.cardekho.com/used-car-details/used-Honda-City-2015-2017-i-DTec-SV-cars-Kolkata_76EBE0F5ED25604BCD81C6B599FDA38B.htm
480,https://www.cardekho.com/used-car-details/used-Nissan-Sunny-2014-2016-XL-CVT-cars-Kolkata_F8DC1A5F491716AB0B68B754DD774AFE.htm
481,https://www.cardekho.com/used-car-details/used-Maruti-Ciaz-1.3-Alpha-cars-Kolkata_F4E2D10EE022B6F5397D558F69F471CE.htm
482,https://www.cardekho.com/used-car-details/used-Maruti-Swift-Dzire-Tour-LXI-cars-Kolkata_327BDB442CA94F85921243230F753B63.htm
483,https://www.cardekho.com/used-car-details/used-Volkswagen-Polo-2015-2019-1.2-MPI-Highline-cars-Kolkata_8D592728BEBABCBB1C70E92252E4ECD9.htm
484,https://www.cardekho.com/used-car-details/used-Honda-City-2008-2011-1.5-V-MT-cars-Kolkata_5247B63EF1E462EA269BEA397416E5F0.htm
485,https://www.cardekho.com/used-car-details/used-Hyundai-i20-Active-S-Diesel-cars-Kolkata_5FED37968157EDDC44643EE6D0029D00.htm
486,https://www.cardekho.com/used-car-details/used-Mahindra-Scorpio-2009-2014-VLX-2WD-BSIV-cars-Kolkata_6509C937CF64DB9CD94575EEDAB8B60C.htm
487,https://www.cardekho.com/used-car-details/used-Maruti-Swift-Dzire-2011-2014-ZDI-cars-Kolkata_C17CC9C953C72B74A6E75840BA59E58F.htm
488,https://www.cardekho.com/used-car-details/used-Hyundai-i10-2007-2010-Magna-1.2-cars-Kolkata_33B49F3743F023C3A3029FB78B54B39B.htm
489,https://www.cardekho.com/used-car-details/used-Hyundai-Elite-i20-2017-2020-1.2-Spotz-cars-Kolkata_F6B26DB95CBEC3416595001E21F45E65.htm
490,https://www.cardekho.com/used-car-details/used-Renault-Duster-2012-2015-85PS-Diesel-RxL-cars-Kolkata_C9E8BEB2CBA78BD143FE71AD2C8E3811.htm
491,https://www.cardekho.com/used-car-details/used-Maruti-S-Presso-VXI-Plus-AT-cars-Kolkata_D95F8F19953590BD7A93521DB011AB4B.htm
492,https://www.cardekho.com/used-car-details/used-Renault-Lodgy-Stepway-110PS-RXZ-8S-cars-Kolkata_D40D2C86472A867FDBF9A64E54A283EC.htm
493,https://www.cardekho.com/used-car-details/used-Honda-Amaze-2013-2016-EX-i-Dtech-cars-Kolkata_42F8E03F26D049E045581BA47BB35B9F.htm
494,https://www.cardekho.com/used-car-details/used-Hyundai-i20-2015-2017-Sportz-Option-1.4-CRDi-cars-Kolkata_6944C359B6EFEACC9E512AA1E05A7152.htm
495,https://www.cardekho.com/used-car-details/used-Honda-City-2014-2015-S-cars-Kolkata_ACCAA0552B99AAAC65A1C9CAB4034CD2.htm
496,https://www.cardekho.com/used-car-details/used-Hyundai-i10-Sportz-cars-Kolkata_CC5E74F0844E2EF89D07B61883EAB3A1.htm
497,https://www.cardekho.com/used-car-details/used-Renault-KWID-2015-2019-RXL-cars-Kolkata_54773B2E8C28DB9A8802B9B6A09880F5.htm
498,https://www.cardekho.com/used-car-details/used-Hyundai-i10-Magna-cars-Kolkata_544CF69CA0D64275248BFC453A10CBAA.htm
499,https://www.cardekho.com/used-car-details/used-Hyundai-Santro-Xing-GLS-cars-Kolkata_A7A41EBAACE1FB2F46A1AF3DFE946ADA.htm
500,https://www.cardekho.com/used-car-details/used-Maruti-S-Presso-VXI-Plus-AT-cars-Kolkata_D95F8F19953590BD7A93521DB011AB4B.htm
501,https://www.cardekho.com/used-car-details/used-Maruti-Ritz-VDi-cars-Kolkata_ED8F6751ABD7E13C0E12A55FE3509147.htm
502,https://www.cardekho.com/used-car-details/used-Volkswagen-Polo-2013-2015-1.5-TDI-Highline-cars-Kolkata_14D8CAB5B8583309DB330F2CA1D0AFA3.htm
503,https://www.cardekho.com/used-car-details/used-Hyundai-i20-2009-2011-Magna-1.4-CRDi-cars-Kolkata_6BDFC3EA7F1415158DB7CB8C569B4085.htm
504,https://www.cardekho.com/used-car-details/used-Skoda-Octavia-2013-2017-Ambition-2.0-TDI-MT-cars-Kolkata_F755D55E25AEA23D07BFF601D0A8ADB6.htm
505,https://www.cardekho.com/used-car-details/used-Maruti-Esteem-Vxi-cars-Kolkata_EFD4BE7E124024B56785F5B80FCE606D.htm
506,https://www.cardekho.com/used-car-details/used-Renault-Fluence-2009-2013-2.0-cars-Kolkata_5BAEE26381377B6463FC4EC78B0A8C2B.htm
507,https://www.cardekho.com/used-car-details/used-Toyota-Innova-Crysta-2016-2020-2.4-ZX-MT-BSIV-cars-Kolkata_961C0CDE20DF23C95D3AAE4226E34C06.htm
508,https://www.cardekho.com/used-car-details/used-Honda-City-2015-2017-i-VTEC-VX-Option-cars-Kolkata_C412EF5878B7C14871ADF2EFB1FCCB4C.htm
509,https://www.cardekho.com/used-car-details/used-Honda-Mobilio-S-i-DTEC-cars-Kolkata_B3091C39AA6D469E379FAAD4D704C7CB.htm
510,https://www.cardekho.com/used-car-details/used-Honda-City-2011-2013-V-AT-cars-Kolkata_4D2531277B8654BF68C24563AC4926F3.htm
511,https://www.cardekho.com/used-car-details/used-Hyundai-i20-2015-2017-Era-1.2-cars-Kolkata_CDB9AB3B2250E44FC784FD8843AFA1E5.htm
512,https://www.cardekho.com/used-car-details/used-Ford-Ecosport-2015-2021-1.0-Ecoboost-Titanium-Plus-BSIV-BE-cars-Kolkata_2823880656D2D1AFDE2C9DB5CF14F8CB.htm
513,https://www.cardekho.com/used-car-details/used-Hyundai-i10-Magna-1.1L-cars-Kolkata_038169B5BD82121B4B759312D0314009.htm
514,https://www.cardekho.com/used-car-details/used-Maruti-Wagon-R-2010-2012-VXI-BSIII-cars-Kolkata_D4FAEFCE4C257ACDB7F676320B24EC57.htm
515,https://www.cardekho.com/used-car-details/used-Honda-City-2014-2015-i-VTEC-SV-cars-Kolkata_CE61A0E511F43FCC2139633A24C0EAD5.htm
516,https://www.cardekho.com/used-car-details/used-Maruti-Alto-800-2016-2019-LXI-cars-Kolkata_34EE4957B7403124B9269DBF1DE495F2.htm
517,https://www.cardekho.com/used-car-details/used-Hyundai-Elite-i20-2014-2015-Magna-1.2-cars-Kolkata_5BDDBAE05696D3BD5439FA56065D758E.htm
518,https://www.cardekho.com/used-car-details/used-Honda-City-2014-2015-i-VTEC-CVT-SV-cars-Kolkata_5A6AC61014A337EA0A9E38A2C6535D5E.htm
519,https://www.cardekho.com/used-car-details/used-Maruti-Swift-2004-2011-VXi-BSIV-cars-Kolkata_69986DC7BBA5D84E4B3D43267C184E36.htm
520,https://www.cardekho.com/used-car-details/used-Honda-City-2015-2017-i-DTec-SV-cars-Kolkata_0095EA7CBFD1877F8B37F0728BCFA1B6.htm
521,https://www.cardekho.com/used-car-details/used-Honda-Mobilio-S-i-VTEC-cars-Kolkata_ED81B1C9CE98D5EDAA64524DC127F1CD.htm
522,https://www.cardekho.com/used-car-details/used-Hyundai-Verna-2011-2014-1.6-EX-VTVT-cars-Kolkata_464091B354274D04F08DE6F5C65632DE.htm
523,https://www.cardekho.com/used-car-details/used-Mahindra-Bolero-Power-Plus-SLE-cars-Kolkata_0CE410806FC0D2B187A12BA05509879A.htm
524,https://www.cardekho.com/used-car-details/used-Hyundai-Elite-i20-2017-2020-1.2-Spotz-cars-Kolkata_553EC085EF65828AABB0E59B1088D719.htm
525,https://www.cardekho.com/used-car-details/used-Honda-City-2008-2011-1.5-V-AT-cars-Kolkata_E26AD492822894879D5BFCB38953D021.htm
526,https://www.cardekho.com/used-car-details/used-Maruti-Swift-2014-2021-LDI-BSIV-cars-Kolkata_2FC1704F2D59BF923A913D65C2863234.htm
527,https://www.cardekho.com/used-car-details/used-Maruti-Zen-Estilo-LXI-BSIII-cars-Kolkata_C15ADA517C7B0092B6756A554C2D7862.htm
528,https://www.cardekho.com/used-car-details/used-Renault-Duster-2012-2015-85PS-Diesel-RxE-cars-Kolkata_C07E475E6106F3D1C5958BBD11B0F2C1.htm
529,https://www.cardekho.com/used-car-details/used-Ford-Ikon-1.3-Flair-cars-Kolkata_655D0813173F4FF32DF3FD6EC5B83F1E.htm
530,https://www.cardekho.com/used-car-details/used-Renault-Lodgy-Stepway-110PS-RXZ-8S-cars-Kolkata_9E0C49E6DB71D84941F66E75222BEE9D.htm
531,https://www.cardekho.com/used-car-details/used-Honda-Civic-VX-Diesel-BSIV-cars-Kolkata_CAC5654F2BC7E64D95D2F2AF82317ABB.htm
532,https://www.cardekho.com/used-car-details/used-Honda-City-2014-2015-i-VTEC-VX-Option-cars-Kolkata_E7AACDDFE30F434951157DE6E093D458.htm
533,https://www.cardekho.com/used-car-details/used-Honda-Amaze-2016-2021-VX-CVT-Petrol-BSIV-cars-Kolkata_15F93A2753EDAF47FA56FD6C98AC145C.htm
534,https://www.cardekho.com/used-car-details/used-Volkswagen-Polo-2009-2013-Petrol-Highline-1.6L-cars-Kolkata_887A70FD6540652DF2EF3D34059CF696.htm
535,https://www.cardekho.com/used-car-details/used-Hyundai-Creta-2015-2020-1.6-E-cars-Mumbai_46AE61DB47E9B0AB6BE946FD1B66DC4B.htm
536,https://www.cardekho.com/used-car-details/used-Maruti-Ertiga-ZXI-cars-Mumbai_07CB2408E2E6958F58E874A23D8DDF92.htm
537,https://www.cardekho.com/used-car-details/used-Mercedes-Benz-New-C-Class-C-200-AVANTGARDE-cars-Mumbai_14DD5312AEEC4DDC7EFCDC969118CD13.htm
538,https://www.cardekho.com/used-car-details/used-Mercedes-Benz-E-Class-2017-2021-E-350-d-BSIV-cars-Mumbai_BC0D88873F12E28DB6318F2D818BE4DE.htm
539,https://www.cardekho.com/used-car-details/used-BMW-3-Series-2011-2015-320d-Sport-Line-cars-Mumbai_04FD5C1A4D828F8298BFA8F4AF874E7C.htm
540,https://www.cardekho.com/used-car-details/used-Maruti-Ertiga-ZDI-cars-Thane_6DE7460348A66AE9BB1C192F2735931E.htm
541,https://www.cardekho.com/buy-used-car-details/used-Maruti-Swift-Dzire-Zdi-cars-Mumbai_8077743b-cfde-4c9c-80da-448561fd3db3.htm
542,https://www.cardekho.com/buy-used-car-details/used-Maruti-Ertiga-Vdi-cars-Mumbai_253d3afc-922e-4e7c-8c7b-71f028d24e98.htm
543,https://www.cardekho.com/buy-used-car-details/used-Maruti-Swift-Dzire-Zdi-cars-Mumbai_8077743b-cfde-4c9c-80da-448561fd3db3.htm
544,https://www.cardekho.com/buy-used-car-details/used-Maruti-Ertiga-Vdi-cars-Mumbai_253d3afc-922e-4e7c-8c7b-71f028d24e98.htm
545,https://www.cardekho.com/used-car-details/used-Maruti-Wagon-R-VXI-cars-Pune_70EDF4887D7F37D56D533D93CE4A8A67.htm
546,https://www.cardekho.com/used-car-details/used-Maruti-Swift-2014-2021-ZDI-cars-Pune_58FAB0913BDD94760DBD766BE10E3DC2.htm
547,https://www.cardekho.com/used-car-details/used-Maruti-Baleno-1.2-Delta-cars-Pune_6A86F74047E01C228BC539300608CE2C.htm
548,https://www.cardekho.com/buy-used-car-details/used-Maruti-Celerio-Green-Vxi-cars-Pune_05721f44-a375-4a44-ac38-8155d7a38c3d.htm
549,https://www.cardekho.com/used-car-details/used-Toyota-Innova-Crysta-2016-2020-2.8-ZX-AT-BSIV-cars-Pune_7A7C4F8F668D10236330C748BD225F5E.htm
550,https://www.cardekho.com/used-car-details/used-Chevrolet-Spark-2007-2012-1.0-LT-cars-Pune_B8BE06D7373AD380273BAF45F2653851.htm
551,https://www.cardekho.com/used-car-details/used-Hyundai-i10-Era-cars-Pune_E629A7CB92E4044E875BAAA550D619FC.htm
552,https://www.cardekho.com/used-car-details/used-Volkswagen-Vento-2010-2013-Diesel-Highline-cars-Pune_55A761E73697DDD745B1F15886DD0CA2.htm
553,https://www.cardekho.com/used-car-details/used-Maruti-Swift-2011-2014-ZXI-cars-Pune_26B83BE47F5B9A45A1AFB87B68CB6B15.htm
554,https://www.cardekho.com/used-car-details/used-Mercedes-Benz-S-Class-2005-2013-S-500-cars-Pune_24B5F31580A1E05D77AFF5B6DDC4ABD1.htm
555,https://www.cardekho.com/used-car-details/used-Renault-Duster-2015-2016-85PS-Diesel-RxL-Explore-cars-Pune_23F1FF8731E8FD68FAF497646E596722.htm
556,https://www.cardekho.com/used-car-details/used-Maruti-Swift-Dzire-2014-2017-VXI-cars-Pune_9646F9682732188E9C09DCB89A1164E2.htm
557,https://www.cardekho.com/used-car-details/used-Volkswagen-Vento-2013-2015-1.5-TDI-Comfortline-cars-Pune_55F26DF47F2D21F40D3FBC1DD864E30D.htm
558,https://www.cardekho.com/used-car-details/used-Maruti-Alto-K10-VXI-AMT-cars-Pune_AECDB8CE77B462EFEF48B1AC62AA31FF.htm
559,https://www.cardekho.com/used-car-details/used-Maruti-Omni-8-Seater-BSIV-cars-Pune_5FF1EFC310687C3729C89032B222193B.htm
560,https://www.cardekho.com/used-car-details/used-Hyundai-i10-Era-1.1-iTech-SE-cars-Pune_AD778A96826DB1ABCBB6FE197D1B6D9D.htm
561,https://www.cardekho.com/used-car-details/used-Maruti-Swift-2004-2011-VDI-BSIV-cars-Pune_7F2B585A051985D9704C329A5840E047.htm
562,https://www.cardekho.com/used-car-details/used-Maruti-Ciaz-2014-2017-VDi-Option-SHVS-cars-Pune_D535A62C253B9C2DB0B6FDE4F6549B7E.htm
563,https://www.cardekho.com/used-car-details/used-Maruti-Baleno-1.2-Zeta-cars-Pune_F55326965711A9D3889C483FF588C296.htm
564,https://www.cardekho.com/used-car-details/used-Volkswagen-Passat-2010-2014-Diesel-Comfortline-2.0-TDI-cars-Pune_D64B7AE36832E132BF354AA2F78ABE98.htm
565,https://www.cardekho.com/used-car-details/used-Maruti-Ertiga-2012-2015-VXI-ABS-cars-Pune_B7192ECE3ED4E13EC5358A7546379560.htm
566,https://www.cardekho.com/used-car-details/used-BMW-3-Series-1995-2012-320d-cars-Pune_4274752DF4C40C5FADB0402E9C75FE63.htm
567,https://www.cardekho.com/used-car-details/used-Ford-Ecosport-2015-2021-1.5-Diesel-Titanium-cars-Pune_20D4FBD34E17D008BFE3CE51213C8EDC.htm
568,https://www.cardekho.com/used-car-details/used-Hyundai-i10-Sportz-AT-cars-Pune_15ED5835A454E4734A75792B4CE39571.htm
569,https://www.cardekho.com/used-car-details/used-Maruti-Celerio-2014-2017-VXI-AT-cars-Pimpri-chinchwad_E32098B68045160CF3B6BA29B810D373.htm
570,https://www.cardekho.com/used-car-details/used-Mitsubishi-Pajero-Sport-4X2-AT-cars-Pune_AC5A4D7FB36721DCA592A79676141E72.htm
571,https://www.cardekho.com/used-car-details/used-Audi-A4-2014-2016-2.0-TDI-Premium-Sport-Limited-Edition-cars-Pune_079F71CAE7056A04C480E8552B459212.htm
572,https://www.cardekho.com/used-car-details/used-Maruti-Swift-2011-2014-ZXI-cars-Pune_26B83BE47F5B9A45A1AFB87B68CB6B15.htm
573,https://www.cardekho.com/used-car-details/used-Mercedes-Benz-S-Class-2005-2013-S-500-cars-Pune_24B5F31580A1E05D77AFF5B6DDC4ABD1.htm
574,https://www.cardekho.com/used-car-details/used-Renault-Duster-2015-2016-85PS-Diesel-RxL-Explore-cars-Pune_23F1FF8731E8FD68FAF497646E596722.htm
575,https://www.cardekho.com/used-car-details/used-Maruti-Swift-Dzire-2014-2017-VXI-cars-Pune_9646F9682732188E9C09DCB89A1164E2.htm
576,https://www.cardekho.com/used-car-details/used-Volkswagen-Vento-2013-2015-1.5-TDI-Comfortline-cars-Pune_55F26DF47F2D21F40D3FBC1DD864E30D.htm
577,https://www.cardekho.com/used-car-details/used-Maruti-Alto-K10-VXI-AMT-cars-Pune_AECDB8CE77B462EFEF48B1AC62AA31FF.htm
578,https://www.cardekho.com/used-car-details/used-Maruti-Omni-8-Seater-BSIV-cars-Pune_5FF1EFC310687C3729C89032B222193B.htm
579,https://www.cardekho.com/used-car-details/used-Hyundai-i10-Era-1.1-iTech-SE-cars-Pune_AD778A96826DB1ABCBB6FE197D1B6D9D.htm
580,https://www.cardekho.com/used-car-details/used-Maruti-Swift-2004-2011-VDI-BSIV-cars-Pune_7F2B585A051985D9704C329A5840E047.htm
581,https://www.cardekho.com/used-car-details/used-Maruti-Ciaz-2014-2017-VDi-Option-SHVS-cars-Pune_D535A62C253B9C2DB0B6FDE4F6549B7E.htm
582,https://www.cardekho.com/used-car-details/used-Volkswagen-Passat-2010-2014-Diesel-Comfortline-2.0-TDI-cars-Pune_D64B7AE36832E132BF354AA2F78ABE98.htm
583,https://www.cardekho.com/used-car-details/used-Maruti-Ertiga-2012-2015-VXI-ABS-cars-Pune_B7192ECE3ED4E13EC5358A7546379560.htm
584,https://www.cardekho.com/used-car-details/used-BMW-3-Series-1995-2012-320d-cars-Pune_4274752DF4C40C5FADB0402E9C75FE63.htm
585,https://www.cardekho.com/used-car-details/used-Maruti-Celerio-2014-2017-VXI-AT-cars-Pimpri-chinchwad_E32098B68045160CF3B6BA29B810D373.htm
586,https://www.cardekho.com/used-car-details/used-Mitsubishi-Pajero-Sport-4X2-AT-cars-Pune_AC5A4D7FB36721DCA592A79676141E72.htm
587,https://www.cardekho.com/used-car-details/used-Audi-A4-2014-2016-2.0-TDI-Premium-Sport-Limited-Edition-cars-Pune_079F71CAE7056A04C480E8552B459212.htm
588,https://www.cardekho.com/used-car-details/used-Maruti-Swift-Dzire-2008-VDi-cars-Pune_74332A36C69747A2329E64F57E10AE86.htm
589,https://www.cardekho.com/used-car-details/used-Hyundai-i20-2015-2017-Asta-Option-1.2-cars-Pune_B35CA7A848025BA5F6A7A1D2C599FC86.htm
590,https://www.cardekho.com/used-car-details/used-Hyundai-Grand-i10-2013-2016-Magna-cars-Pimpri-chinchwad_40E8877F8202C9AA7B6AC85B771D3A4E.htm
591,https://www.cardekho.com/used-car-details/used-Maruti-Swift-Dzire-2014-2017-VDI-cars-Pune_E2A91D0682D8413FC886B7511DE1E381.htm
592,https://www.cardekho.com/buy-used-car-details/used-Maruti-Celerio-Green-Vxi-cars-Pune_05721f44-a375-4a44-ac38-8155d7a38c3d.htm
